739340.6249484401,1.0000000000,-64.4960257395,253.7044908170,-43.8099712396,215.3862234788,16.5972765495,-39.7110204044,82.6467719951,18.7345415029,320.4449455696,64.8752533378,77.2261439555,255.5870772937,-145.3235563457,88.4069333278,-78.4461969513,65.0093041040,60.7445959171,50.8416894993,319.7164798489,18.8712501329,-76.3979851616,-11.9585087657,-150.3395403351,46.7944134084,-64.2467626495,850.7093598284,-0.0079312381,-0.0079312381,1.0000000000,850.7093598284
739340.6249678250,1.0000000000,-47.3150838709,253.7044908170,-43.8099712396,215.3862234788,16.5972765495,-39.7110204044,82.6467719951,18.7345415029,320.4449455696,64.8752533378,77.2261439555,255.5870772937,-145.3235563457,88.4069333278,-78.4461969513,65.0093041040,60.7445959171,50.8416894993,319.7164798489,18.8712501329,-76.3979851616,-11.9585087657,-150.3395403351,46.7944134084,-64.2467626495,850.7093597397,-0.0079312381,-0.0079312381,1.0000000000,850.7093597397
739340.6251562384,1.0000000000,-64.4960257395,253.7044908170,-43.8099712396,215.3862234788,16.5972765495,-39.7110204044,82.6467719951,18.7345415029,320.4449455696,64.8752533378,77.2261439555,302.5489789079,-145.3235563457,88.4069333278,-78.4461969513,65.0093041040,60.7445959171,50.8416894993,319.7164798489,18.8712501329,-76.3979851616,-11.9585087657,-150.3395403351,46.7944134084,-64.2467626495,850.7093435640,-0.0079312381,-0.0079312381,1.0000000000,850.7093435640
739340.6252420342,1.0000000000,-64.4960257395,253.7044908170,-43.8099712396,215.3862234788,16.5972765495,-39.7110204044,82.6467719951,18.7345415029,320.4449455696,64.8752533378,77.2261439555,255.5870772937,-145.3235563457,88.4069333278,-78.4461969513,65.0093041040,75.1147400952,50.8416894993,319.7164798489,18.8712501329,-76.3979851616,-11.9585087657,-150.3395403351,46.7944134084,-64.2467626495,850.2772439232,-0.0079312381,-0.0079312381,1.0000000000,850.2772439232
739340.6252594964,1.0000000000,-64.4960257395,253.7044908170,-43.8099712396,215.3862234788,16.5972765495,-39.7110204044,82.6467719951,18.7345415029,320.4449455696,64.8752533378,77.2261439555,255.5870772937,-145.3235563457,88.4069333278,-78.4461969513,65.0093041040,60.7445959171,68.8817958608,319.7164798489,18.8712501329,-76.3979851616,-11.9585087657,-150.3395403351,46.7944134084,-64.2467626495,839.1734955433,-0.0079312381,-0.0079312381,1.0000000000,839.1734955433
739340.6253111130,1.0000000000,-64.4960257395,253.7044908170,-43.8099712396,215.3862234788,16.5972765495,-39.7110204044,82.6467719951,18.7345415029,320.4449455696,64.8752533378,77.2261439555,255.5870772937,-145.3235563457,88.4069333278,-78.4461969513,65.0093041040,60.7445959171,50.8416894993,319.7164798489,18.8712501329,-68.1223077200,-11.9585087657,-150.3395403351,46.7944134084,-64.2467626495,750.7367384842,-0.0079312381,-0.0079312381,1.0000000000,750.7367384842
739340.6253969528,1.0000000000,-63.2802561380,261.3162148616,-42.2715370269,220.4631023435,19.1356593666,-57.8115483973,88.6278540809,20.7561884380,322.0921246854,66.9771151095,77.8244740163,259.7585840148,-143.5144412468,89.6760463947,-77.0931695262,66.3306204465,62.2075074508,52.5442141142,321.3518247241,21.4073331844,-75.9066635104,-10.0145504554,-148.5590415206,47.6509598467,-62.5187837428,446.2463990605,-0.0079312381,-0.0079312381,1.0000000000,446.2463990605
739340.6254141082,1.0000000000,-62.6611745984,265.1070266372,-41.4940187736,223.0115097740,20.4001798736,-71.1438437920,91.6414742918,21.7618043539,322.9230036178,68.0085181955,78.0967739474,261.8212762064,-142.6049049228,90.3082388522,-76.4032212511,66.9705331682,62.9199807376,53.3802348501,322.1769087551,22.6700990758,-75.6495421672,-9.0402379350,-147.6627667303,48.0855835561,-61.6430376819,331.0360638748,-0.0079312381,-0.0079312381,1.0000000000,331.0360638748
739340.6254313688,1.0000000000,-63.1323524144,262.2269679559,-42.0854304998,221.0741394379,19.4394426331,-42.8699298849,89.3497477189,20.9978645478,301.9884572939,67.2258529838,77.8914638647,260.2550580813,-143.2964464436,89.8279235016,-76.9283933679,66.4854700753,62.3796652049,52.7457969404,321.5494017549,21.7107321971,-75.8456494631,-9.7808473470,-148.3442934442,47.7548870355,-62.3093120938,287.7076909975,-0.0079312381,-0.0079312381,1.0000000000,287.7076909975
739340.6254485886,1.0000000000,-62.4364977960,266.4690888187,-41.2127851148,223.9304610243,20.8545872121,-44.4156227641,92.7300311883,22.1229292669,288.0581891418,68.3765808281,78.1903998709,262.5599780655,-142.2766947572,90.5354134264,-76.1526691475,67.1974790612,63.1733329937,53.6786701012,322.4751183778,23.1237757189,-75.5551151289,-8.6891447902,-147.3391586089,48.2430699233,-61.3258802752,200.8061229845,-0.0079312381,-0.0079312381,1.0000000000,200.8061229845
739340.6254658304,1.0000000000,-62.9661926732,263.2462999952,-41.8766167611,221.7589405677,19.7794585459,-43.2430054137,15.5710356053,21.2682975503,317.4265700200,67.5035410386,77.9652651119,260.8100425767,-143.0520704344,89.9979138810,-76.7432347594,66.6579504695,62.5716106171,52.9708683177,321.7710215338,22.0502901258,-75.7767922666,-9.5189993270,-148.1035058649,47.8715728876,-62.0741722038,102.2659587956,-0.0079312381,-0.0079312381,1.0000000000,102.2659587956
739340.6254830768,1.0000000000,-62.1837303886,267.9928882317,-40.8969785022,224.9606108594,21.3629890175,-44.9663356447,-36.9064288085,22.5268100733,315.9454795254,68.7867549220,78.2924886628,263.3848594880,-141.9086226878,90.7895787904,-75.8706937294,67.4494952771,63.4551021199,54.0113114390,322.8098443952,23.6312967942,-75.4481880694,-8.2957196381,-146.9761322343,48.4200920451,-60.9694867489,53.2775229344,-0.0079312381,-0.0079312381,1.0000000000,53.2775229344
739340.6261605370,1.0000000000,-60.9722320755,271.4549074841,-46.8140168839,245.0932287526,19.7011503130,-54.2624960136,13.2105110251,13.8503079626,304.9489707482,66.1362649551,79.5668595607,269.0957951855,-149.3724100055,90.0560993111,-78.5522890563,66.6696695277,65.9291585200,58.1466583898,326.5713949929,16.8070599765,-73.5533511610,-2.5403909763,-153.0849469861,47.7170387044,-66.9434355853,49.5819020648,-0.0079312381,-0.0079312381,1.0000000000,49.5819020648
739340.6261778027,1.0000000000,-60.6971870203,271.2015913352,-47.8068322866,253.8702656918,18.2010431365,-57.8795542110,-9.4027163215,11.6060588524,300.5181024421,64.2167250438,71.8049071000,270.8607423495,-150.9965811429,90.6700180976,-80.1806045473,67.3660445786,66.7686925779,59.7119096347,328.0322568754,12.6868311182,-72.6655686069,-0.1722585502,-153.6668042813,48.1937119468,-70.2006472782,34.8833889674,-0.0079312381,-0.0079312381,1.0000000000,34.8833889674
739340.6263326769,1.0000000000,-63.3241149240,254.4227817009,-46.4400503635,246.5043929998,23.5776508843,-58.9445524928,-9.1131152756,10.9134109795,304.5925178779,69.8040300247,79.0650990820,263.0187059289,-147.7110879705,91.2341536125,-75.6905320903,68.3913221018,64.3855909587,57.2848986593,325.1321231103,23.6275625490,-73.5774734265,-3.1053814837,-155.8396280085,49.2322097845,-61.5232875919,34.8288111211,-0.0079312381,-0.0079312381,1.0000000000,34.8288111211
739340.6263499046,1.0000000000,-65.0497732411,240.1530739764,-46.9708861729,252.3215768874,24.8563620306,-62.8712236669,-34.7171339223,7.3076369438,301.3818859323,70.6121065818,79.5243543008,258.8361477074,-148.3004716591,92.3093212145,-75.2562252900,69.7882218560,63.5185089927,57.3659607817,324.6663197613,24.4813417580,-73.1696709395,-2.4065662563,-157.3205795468,50.5122138160,-61.0139001446,31.0691666906,-0.0079312381,-0.0079312381,1.0000000000,31.0691666906
739340.6267122718,1.0000000000,-61.4103624023,281.1566539796,-51.0964678727,267.7486437779,24.2023901469,-65.7057029541,12.7702136271,3.1667533428,289.3447985391,69.8774036694,79.9932605537,278.0922034730,-151.3671658419,94.0723532786,-75.8741370900,69.0573877108,68.6873581423,62.2246941231,330.5720679623,24.2943292946,-72.5163331149,3.3757768744,-165.6387382159,49.0054110146,-60.9322316363,29.1756377702,-0.0079312381,-0.0079312381,1.0000000000,29.1756377702
739340.6267295196,1.0000000000,-61.0196258941,287.6777544383,-55.7439451841,289.2088855480,25.6145231116,-72.9272303052,43.2114957008,-6.6587431773,281.5720041235,70.4167409445,79.3959930317,285.0646516740,-155.9217522664,95.6904240998,-75.8758586909,69.8229940794,70.9583047569,65.8175898016,334.5731227991,24.6254225735,-70.7926056572,9.2000982700,-173.8989802455,49.3007345687,-60.9135990335,25.6185316301,-0.0079312381,-0.0079312381,1.0000000000,25.6185316301
739340.6273501208,1.0000000000,-69.2175548744,226.7751609580,-51.8450251483,281.3609359827,28.9282153532,-63.2161787180,7.3144174301,5.9957486300,290.6798898962,72.1482860784,79.8894339747,286.2735355974,-160.4587847077,88.6295546896,-74.5316768301,65.4855144392,70.9938450978,61.9855363479,334.5058796681,25.5119218765,-70.3649979598,6.5054987963,-165.6848790668,48.6817241845,-68.0715659348,25.4069605186,-0.0079312381,-0.0079312381,1.0000000000,25.4069605186
739340.6273673106,1.0000000000,-72.7439641949,203.3107435088,-51.5901740946,298.2518352258,31.5690301985,-65.3118422983,36.2225274996,2.2699567556,287.5363173601,73.0305696646,79.9068954766,294.4379776809,-168.3697877893,85.0794795990,-74.3900275223,62.6922634048,73.3110279095,64.0332034877,339.0680095279,24.5992882188,-67.8155487949,11.3588789437,-168.7857916017,47.8545639283,-72.7924314103,23.1020305943,-0.0079312381,-0.0079312381,1.0000000000,23.1020305943
739340.6277918920,1.0000000000,-67.3936889728,230.4232494881,-57.4998711827,292.1347511702,20.4642033355,-69.9693238903,24.2153365638,-6.0770438136,287.4256301175,88.2808408175,77.3931999264,271.2974796768,-162.9443174646,94.1296602588,-73.7030150653,63.9102563450,70.6746115210,64.2832615180,335.2490313172,25.8396431590,-69.6286418048,12.5894977011,-173.2535688477,48.9389402556,-65.1882221634,23.0074357649,-0.0079312381,-0.0079312381,1.0000000000,23.0074357649
739340.6278095366,1.0000000000,-68.5124771715,217.0727310704,-59.3404424332,302.9978586565,12.3458230604,-72.2671821196,61.6134162492,-15.2349560140,285.4938946718,97.9569926438,76.7593761499,264.8341560020,-167.3332167935,94.6857675630,-73.0220260300,60.2726841031,70.9596163955,65.7255818957,337.0309028204,24.5687142380,-67.9252448283,17.1669184201,-177.6140236318,48.6164873900,-64.7752664139,21.3963076687,-0.0079312381,-0.0079312381,1.0000000000,21.3963076687
739340.6280010917,1.0000000000,-69.4443019520,221.3108261922,-57.9777281594,306.9853445606,30.5094477620,-78.0212153867,6.9630693652,-14.1355117853,286.6700203132,75.9139303439,75.2157327564,264.4004396220,-167.7662484322,94.1783570729,-75.1185921635,67.9956044632,70.5336521603,66.3255549001,335.1018834375,27.5009563520,-67.5358564891,15.5281346251,-177.3791550936,48.8094861553,-68.2102280946,21.3743202994,-0.0079312381,-0.0079312381,1.0000000000,21.3743202994
739340.6280192077,1.0000000000,-71.5872580222,206.2380353019,-57.7389482652,317.6309905805,31.1562371475,-79.9934749849,6.4677154453,-25.8515772440,286.9752403651,77.5824469792,73.9303678861,246.4253173309,-171.6363549748,95.0381306006,-75.7036170173,69.2212630073,69.2292626101,67.8878057142,334.2030159368,26.9011718517,-65.5084261760,19.3488226272,-181.1048620844,48.8748875065,-69.1444684890,20.0646164853,-0.0079312381,-0.0079312381,1.0000000000,20.0646164853
739340.6281594563,1.0000000000,-71.9187310213,193.5083589159,-60.0308012757,327.9621513544,30.3983221549,-79.0790834611,91.7967508781,-15.9423394450,278.3647835403,81.0012910464,64.7628378920,285.7490108827,-173.0888558277,95.3404014206,-72.0893753575,66.0647655814,73.1556451792,66.1605910724,345.4547462540,30.6201472820,-65.3633276800,19.1401153251,-181.6690781706,51.5004101533,-73.9652032335,19.8470766946,-0.0079312381,-0.0079312381,1.0000000000,19.8470766946
739340.6281768858,1.0000000000,-74.9695979879,158.1268888690,-61.1578503550,349.6002490695,31.7839126179,-79.7869402228,168.8611628112,-24.1945808863,292.6326328667,85.7903551571,49.9643719820,289.4899068319,-178.2095648866,97.2174705098,-69.4313053613,66.3650732369,73.4984217361,66.2215617541,351.5612665418,33.9030644145,-62.0235285953,23.0141833601,-186.3226326010,54.3375267065,-77.9875141766,18.4293012814,-0.0079312381,-0.0079312381,1.0000000000,18.4293012814
739340.6284031273,1.0000000000,-74.9470077213,165.7303465280,-60.6933679618,339.1003900617,28.1223587841,-79.9107910053,57.8588156082,-24.0262740701,279.1145918222,88.3399976636,68.2367353693,272.8289639869,-179.5295218574,94.2520302081,-74.3511972329,63.4864449584,73.6665490668,69.7642593194,344.0911344384,27.4412978552,-64.4489448831,43.0356555616,-186.4667586377,51.6337739297,-73.8299074698,18.3834411598,-0.0079312381,-0.0079312381,1.0000000000,18.3834411598
739340.6284205581,1.0000000000,-78.4015508761,120.8183121327,-60.5562427987,353.5078397375,26.6716619891,-79.4412066454,60.4322984217,-32.5602561803,278.0918472020,92.8110837571,62.5126620612,265.4678307967,-184.5164132130,94.5945287904,-74.7583172968,63.2528438822,73.2735816399,71.0405712963,346.1118690131,27.1015810146,-63.3365159189,61.5198511058,-190.5819178404,54.5557682872,-76.0777107854,17.3161536817,-0.0079312381,-0.0079312381,1.0000000000,17.3161536817
739340.6285767154,1.0000000000,-75.1678267205,179.1890062058,-64.4931540656,362.5413779782,30.2145107432,-78.3666842254,111.7181071444,-34.7763640507,278.7778103879,93.8712921189,67.3682370713,279.2339560982,-184.7800049191,95.5545461427,-70.6867804178,61.2350550037,73.4004828673,69.0610104581,349.2169369286,30.7208748164,-58.8681642495,37.3317540224,-186.4189772491,48.0452139290,-74.1255126682,17.1414459743,-0.0079312381,-0.0079312381,1.0000000000,17.1414459743
739340.6285941330,1.0000000000,-77.4803081319,163.0272157415,-66.7551564332,383.6834607754,31.7821180751,-71.7142618628,138.5735705241,-44.5324982031,285.5377951759,98.4411851051,64.4238398780,279.4171795930,-189.7370554389,97.0138566741,-68.0518203081,58.9149626795,72.2929142924,68.6342807494,353.1333758240,32.7967957635,-54.2329751446,46.9842257011,-186.5488742718,47.1901445004,-74.3420561679,16.0953132532,-0.0079312381,-0.0079312381,1.0000000000,16.0953132532
739340.6288024156,1.0000000000,-77.0725176955,137.7790703292,-64.8544182162,379.4860323081,24.0213212179,-78.1452681987,173.0017108944,-48.3379134484,287.6063519992,94.6260692969,53.8665362300,277.4907518795,-189.6927723821,98.3507267986,-72.7787028640,62.6514136976,74.9046889509,72.0276323038,353.9858577570,28.6571677663,-57.6826696337,45.9245653702,-195.2896887520,51.6961972428,-79.0637261097,15.9497697397,-0.0079312381,-0.0079312381,1.0000000000,15.9497697397
739340.6288197997,1.0000000000,-78.5621620055,110.3951184389,-66.3154693669,397.0210866151,19.5652738159,-77.3165015901,214.7171421897,-60.2802745994,306.7455097749,96.6687692410,43.0190399298,277.3758907227,-193.6524587370,101.1952066325,-73.2566927573,63.0695627562,74.6515507429,72.7384459257,358.1105142841,28.6448065916,-55.5589743704,55.8202998979,-198.6263627520,53.0203725353,-81.3124349200,15.0567206960,-0.0079312381,-0.0079312381,1.0000000000,15.0567206960
739340.6290106799,1.0000000000,-80.8494945805,107.9557023358,-66.7468281011,409.8355122018,27.9356237374,-60.7039722317,191.4863463627,-57.2456115096,300.2917736137,99.4008637976,36.7196951315,273.9712660422,-194.9164743577,99.1289606016,-71.2043938672,62.0252178139,76.9633140172,74.8666958916,359.7291820277,30.4883243170,-52.4651283561,57.0826417350,-196.8959629530,54.1106082017,-82.2519114659,15.0559496254,-0.0079312381,-0.0079312381,1.0000000000,15.0559496254
739340.6290454403,1.0000000000,-81.9233746856,107.6868024819,-68.1701895383,407.8741359174,27.3491066446,-60.7260364731,240.1658739917,-58.8555358284,306.7069198771,99.6226682665,40.2596387166,269.2699930332,-196.2193557669,97.1215977528,-72.4534998847,54.7089663261,76.2079005448,76.0299197066,359.7711073774,28.5261120580,-50.6377025330,62.8225185013,-197.5953309909,61.7882609780,-83.7891641155,15.0404487874,-0.0079312381,-0.0079312381,1.0000000000,15.0404487874
739340.6290802204,1.0000000000,-78.5768851284,135.6695640097,-69.8748841147,415.9710760748,29.5340659903,-56.6874560463,305.7980466222,-59.4722171856,311.8453597805,99.5789817201,39.7664572726,283.7681982329,-195.9914622984,99.7807846275,-68.7455743620,58.0146779738,77.5084340329,75.2761564371,363.7026895444,33.6008584908,-45.4502272314,32.0266115348,-198.4830532327,49.0047110813,-82.0376015907,14.8179582843,-0.0079312381,-0.0079312381,1.0000000000,14.8179582843
739340.6290976116,1.0000000000,-78.6637015176,143.1603305106,-73.4715522027,440.5776553833,30.9555735793,-35.1560549273,408.8954933965,-69.2993192675,348.9717987607,99.8593021473,26.0662111052,292.2747026700,-198.9718237100,102.2872239390,-65.5437595454,55.1721190948,78.8623740953,76.9032924088,372.4477460463,36.7937286212,-34.7644631537,14.2580975995,-200.4317454406,46.4369454391,-84.7282345309,14.1730806294,-0.0079312381,-0.0079312381,1.0000000000,14.1730806294
739340.6295444133,1.0000000000,-79.5236046781,127.2269737871,-68.7152260241,428.9701838462,28.3379458667,-38.9114560019,323.6746670250,-69.9956288960,338.7817289652,99.7773643339,40.6106070615,270.6746058965,-197.2079050416,105.5137057333,-68.7341437535,58.4559195919,76.1597942915,76.4957641614,365.9429852826,30.0469671596,-46.0100644446,64.1803309435,-200.4861774308,52.1098227486,-78.7722283726,14.1682360392,-0.0079312381,-0.0079312381,1.0000000000,14.1682360392
739340.6295629889,1.0000000000,-78.5771106304,153.5938827777,-69.5159277359,444.9184474075,27.9446168930,-14.0508795062,399.4693420782,-77.0586649071,378.4436598756,97.7611059590,40.5429810331,270.1298687310,-198.3652448323,110.2450827045,-68.1246984679,58.0004203116,76.6973016433,78.2995639600,371.0451142144,27.4841219527,-41.9409125458,69.9456177012,-200.9667419383,52.4596289865,-75.7224070301,13.6313313056,-0.0079312381,-0.0079312381,1.0000000000,13.6313313056
739340.6303148901,1.0000000000,-80.5292585758,139.2039875529,-73.7405123490,442.4039574267,26.4027222072,-26.7236039390,333.9686791695,-75.7611040104,355.4465032188,98.6911447686,24.5849958601,264.0734393340,-199.0749129675,110.8225000472,-66.6622448105,58.0514947079,77.1434835375,75.1770494808,383.2059739221,33.0971238788,-39.7028587079,50.9727343487,-200.9955952763,49.8585694477,-79.8558122811,13.5296556239,-0.0079312381,-0.0079312381,1.0000000000,13.5296556239
739340.6303351622,1.0000000000,-79.9349347738,168.6307093649,-75.9608245280,451.6948208515,25.8804534943,-11.6529878640,356.8353953753,-78.8369822092,378.2008063577,96.7366007075,17.7394116744,252.3412338916,-199.5358904289,115.6826878966,-67.5481888106,57.7787107350,77.9559701278,74.7934048654,398.8710424210,32.1185719324,-35.1506440847,42.9290079624,-200.6607885506,49.4793253105,-76.0072475433,13.1042667739,-0.0079312381,-0.0079312381,1.0000000000,13.1042667739
739340.6310742926,1.0000000000,-78.7084109896,179.4359311150,-74.9926581430,455.5536235050,23.5366721928,-4.0118814489,421.8415709656,-79.7909358320,389.3815250923,95.9504324062,35.7252655864,253.7232088356,-199.4137951035,115.3179178714,-64.5004809190,59.7106388931,77.5794209425,78.0763675529,380.8135220333,36.7456935939,-34.7981355170,49.7203736471,-199.9746118983,46.4878477080,-74.7399815106,13.0756034371,-0.0079312381,-0.0079312381,1.0000000000,13.0756034371
739340.6312133757,1.0000000000,-79.5318762497,149.5480478809,-73.9359561616,454.1436148389,29.7530180549,-6.1127800066,383.8432558845,-79.1922856006,388.5721350948,92.3449574939,32.1798240630,250.6249513800,-199.8706875751,115.1411701049,-61.1102255419,58.2487573626,76.1817000198,76.7537972943,376.1862825078,42.1180339682,-35.2575061906,49.2976056068,-200.6967755692,46.6201676579,-73.2004516938,13.0430917949,-0.0079312381,-0.0079312381,1.0000000000,13.0430917949
739340.6312488451,1.0000000000,-79.1498283824,176.0013462830,-75.5278783543,457.5999622780,25.8969666370,0.8112100336,423.1444590615,-79.9100002747,394.5282398578,94.5767325002,28.6556573827,259.8303721437,-199.6887484589,116.6086984215,-62.7404882428,58.3560505936,76.8150925390,77.3554241309,379.8016080283,38.3951156398,-32.9470383762,45.4412878542,-200.0957732226,45.9645120652,-75.7062630954,12.9766809484,-0.0079312381,-0.0079312381,1.0000000000,12.9766809484
739340.6312838921,1.0000000000,-78.9439202621,175.7098238579,-75.3162313610,455.2518262157,26.3320157803,3.0019823081,425.9509612600,-79.8159084448,392.5548185381,93.9699179736,38.3234322127,259.9696254468,-199.5143886719,116.7624852800,-61.7638823778,66.0103710913,76.1725932410,77.1218241187,378.2530044479,35.7303880367,-34.3037226172,44.1602424497,-200.1916987870,45.8383763820,-74.8619709667,12.9472189022,-0.0079312381,-0.0079312381,1.0000000000,12.9472189022
739340.6314066830,1.0000000000,-81.9091020619,126.5763370273,-72.8669536212,444.6690213607,16.8468479380,-18.5452284608,307.7005314202,-79.8052241807,364.9286478133,94.0667276331,34.2095825223,242.1490082172,-199.2060426461,117.8010668744,-63.6360433303,60.7127562892,72.4990552520,74.9055443893,372.1849890654,35.0571583986,-44.9659787196,76.5001459527,-200.4776440818,50.5186669563,-75.6538352179,12.9219549558,-0.0079312381,-0.0079312381,1.0000000000,12.9219549558
739340.6314765282,1.0000000000,-79.5333057610,167.8082000126,-75.2128532873,457.3878275731,26.7244758976,1.1319883074,413.7366572079,-79.9537330066,393.4828409122,95.5460595039,29.6903035028,261.2362320587,-199.7801877115,117.5348334256,-63.2107923507,60.2723134545,77.1865476710,75.8516991958,380.8534877988,37.7361585116,-34.4933661161,53.0259724235,-199.9246665801,46.5255902049,-76.3109723247,12.9066786743,-0.0079312381,-0.0079312381,1.0000000000,12.9066786743
739340.6316394673,1.0000000000,-79.6997829693,169.9733265294,-75.5986978198,457.4647390254,27.8883702085,3.9913372169,403.3796583661,-79.9846303071,394.4050144432,95.8204853017,29.7190493659,259.1095543831,-199.7191161705,118.0379575578,-63.2465020528,61.2057088537,76.2865076648,77.2446822973,380.2566583570,38.2522242849,-34.9650820599,52.8891595294,-199.7556523858,47.8216230349,-75.3839481437,12.8719082515,-0.0079312381,-0.0079312381,1.0000000000,12.8719082515
739340.6316819395,1.0000000000,-80.3259875435,167.3837598136,-74.6953940627,458.0504919977,5.2128764762,11.4456750754,356.8054313804,-79.0074292525,394.4834874015,92.9147267892,24.7219526565,259.0761145710,-199.4577703404,119.0400639831,-64.1013956843,59.8731183591,77.4324041739,77.5913852460,382.9939452711,37.4488407578,-35.1836244063,51.3372824075,-199.9913584736,48.2503284308,-74.0199801174,12.8555723082,-0.0079312381,-0.0079312381,1.0000000000,12.8555723082
739340.6317257233,1.0000000000,-80.0452619783,153.0551259235,-74.8138431902,451.8675680125,28.1307475864,3.1231575736,396.2876382243,-79.5752972351,383.7717590406,96.4028374695,37.4874085520,249.1500274633,-199.4996213364,118.0951680974,-63.8601917365,57.9307709398,74.3550416380,75.8865236791,381.6639727005,40.7534711784,-34.2623420754,51.0353859023,-199.6872834603,46.8113501559,-73.1549015621,12.8410223178,-0.0079312381,-0.0079312381,1.0000000000,12.8410223178
739340.6317469304,1.0000000000,-80.1047015856,149.5331604976,-74.8777258315,449.8072018359,30.8248932674,10.6767217499,400.4819153233,-79.6773381685,383.3628634760,96.3354037606,45.1425247709,235.1687786711,-199.4212318655,120.2558841762,-64.3720394432,55.5719744286,71.7720321538,74.6204898371,385.2349617242,43.7220597569,-32.3415393033,49.1591436481,-198.7464767494,46.1238350293,-68.8149191810,12.6566615499,-0.0079312381,-0.0079312381,1.0000000000,12.6566615499
739340.6320699165,1.0000000000,-79.9567526867,151.0340152102,-73.6295582959,457.2640625156,26.9308177823,17.5266576842,415.8974793432,-79.8041422970,395.2796732052,93.8318615872,45.1302824805,244.1529823332,-199.5955598942,120.5024095997,-61.0704463727,63.6429097677,72.3577067459,78.0120717556,363.3283496408,43.1772673244,-35.7330427394,60.3609539922,-199.1917728659,45.2234719917,-71.3437218190,12.6347788381,-0.0079312381,-0.0079312381,1.0000000000,12.6347788381
739340.6321054582,1.0000000000,-81.1350828325,138.1262274725,-74.6179884987,453.6734544479,29.5204343953,11.6817186732,348.2020932735,-79.9883877020,384.9404661751,94.6340610197,29.0016798075,241.9521355367,-199.7071618790,121.1702577365,-63.9626285376,62.1904582178,72.5125429717,74.6806910077,381.3270052738,39.1977366012,-36.1576400880,55.4263681510,-200.1126842522,48.0189811765,-72.4077807732,12.6032987298,-0.0079312381,-0.0079312381,1.0000000000,12.6032987298
739340.6321406250,1.0000000000,-79.2534649613,177.2476751806,-75.8037991906,455.2366595099,27.9933512627,2.6543240005,390.8256462876,-79.8466365281,393.3280759255,93.5793446605,40.7424849108,251.0380537385,-199.4890210816,121.3836402688,-63.0478682195,59.7543784009,75.6898590727,76.2896187431,385.1264647977,40.3387500226,-35.5087603345,48.8955126038,-199.6768400655,46.0594764587,-68.5143074980,12.5872609157,-0.0079312381,-0.0079312381,1.0000000000,12.5872609157
739340.6321987580,1.0000000000,-79.7678212111,183.5768552469,-75.8223492552,458.7193266310,24.9358728831,19.8489318935,383.4818924092,-79.4511850153,399.2793125513,94.9518387746,28.6565951560,241.3801546454,-199.7393363574,121.7637843714,-64.1062788053,64.6489185848,74.9125381433,76.2044963320,388.1828072062,40.1817914619,-34.7875988452,52.0221577032,-198.5865542099,46.7909285420,-69.6257877352,12.5524127773,-0.0079312381,-0.0079312381,1.0000000000,12.5524127773
739340.6322555421,1.0000000000,-80.4997526144,156.6913973326,-74.6073190948,452.1652942792,28.7682680824,14.8808261004,343.5912299878,-79.9983770994,383.5048632969,96.9007236188,37.0910966472,227.7938510907,-199.1884499848,122.0650037607,-66.5521392640,63.8278661024,75.1069324018,75.1399735678,382.9222783183,38.5069080440,-36.9932531976,54.4234915945,-199.6833288100,48.2964421209,-67.7922474450,12.5463866028,-0.0079312381,-0.0079312381,1.0000000000,12.5463866028
739340.6322744183,1.0000000000,-80.8995275174,152.8378693085,-74.2413378670,449.5459009035,30.9962641250,22.8946831041,300.7628142035,-79.9492218492,379.2083849978,98.0710316008,40.9429191548,209.4340143720,-198.7471425809,124.2753998266,-68.4991780956,65.8196823067,75.1345271649,73.7731967176,383.3567812030,38.9733765715,-38.2542577100,55.5707704198,-199.5117451129,49.2788644486,-62.7680483571,12.4233716849,-0.0079312381,-0.0079312381,1.0000000000,12.4233716849
739340.6324855073,1.0000000000,-80.0154912066,165.1647475155,-75.4364212841,456.6530591458,31.8097694779,25.3494774886,398.9446760543,-79.7210200446,395.1701927187,94.1832134084,42.6377371343,222.3850215802,-199.5300058382,123.0118679756,-65.9275272208,62.1259862940,73.8135269712,75.4842459026,392.0598560018,41.5722913365,-31.4714529384,38.0717557052,-198.8151488473,46.3897952098,-64.6742252178,12.4207593261,-0.0079312381,-0.0079312381,1.0000000000,12.4207593261
739340.6325493065,1.0000000000,-78.1158948195,173.3551549417,-75.2604438219,457.2730681450,28.6319078007,28.6085662177,333.9821089010,-79.5359516733,396.1788317281,97.3796420331,44.9584451595,218.2038428922,-199.3599834226,123.7898935663,-65.9207620910,64.2703087884,70.8979584450,73.5610776851,386.6054118701,39.4035862362,-33.1716200223,60.3038306125,-198.0187360569,47.6108606962,-63.1536409593,12.3985782915,-0.0079312381,-0.0079312381,1.0000000000,12.3985782915
739340.6325846956,1.0000000000,-79.4963340648,170.6629206928,-74.8609146379,451.9416219354,24.7927625702,14.5961229981,355.9715894549,-79.7629586233,389.4942328971,92.9553769988,43.5347491187,212.1848775601,-199.1628971461,124.2777330775,-66.2328855783,61.0922032940,71.7934830337,74.7774556975,385.9356205831,39.7609057133,-36.7842123500,57.9610562874,-198.8484537649,47.9066633130,-64.9885503998,12.3913733771,-0.0079312381,-0.0079312381,1.0000000000,12.3913733771
739340.6326024618,1.0000000000,-78.3406941291,183.8430303220,-74.9655420816,450.2184108610,22.9120575737,16.4896099333,339.8620488854,-79.3080243143,391.2094133592,91.3571379085,47.7153888699,195.7333745347,-198.8421126581,126.3832074989,-67.0880441556,60.4039895092,69.9695478591,74.1331674513,386.3597388351,40.3144966843,-37.9251013048,60.8574897953,-198.2613264271,48.3169620290,-61.7072655951,12.3247606813,-0.0079312381,-0.0079312381,1.0000000000,12.3247606813
739340.6326920171,1.0000000000,-80.7342893312,126.7849910964,-73.9750176188,452.5963416251,23.7888175902,25.3650871995,360.7651872297,-79.0430757503,393.8872718050,93.1359766539,43.8066463626,209.1195676903,-199.3127736867,125.5459489891,-66.1056212992,63.0432043501,71.2677507735,75.9925774270,384.1410195179,39.6114585921,-37.3225125414,66.0980241133,-198.0691017133,46.9203793239,-62.1353782825,12.2903916445,-0.0079312381,-0.0079312381,1.0000000000,12.2903916445
739340.6327466944,1.0000000000,-81.4682840350,160.1048284521,-74.4624293853,456.3506167696,21.8845880016,23.8671663624,323.3283085082,-77.9901034685,392.0283182115,90.3307266498,38.5220218983,208.3091478212,-199.3335010634,125.7112720676,-66.4539619090,67.6083197641,72.5638523371,75.1619684876,385.1887598343,35.9803146297,-39.6023511104,64.3083916683,-199.0923959385,49.0219616851,-63.5092484120,12.2644805207,-0.0079312381,-0.0079312381,1.0000000000,12.2644805207
739340.6327645704,1.0000000000,-82.0684499252,165.4105138435,-74.2489315859,459.3397789199,17.3390610824,30.2299667539,278.7592572939,-74.2375787568,396.1944527296,86.3166175206,35.0714399707,194.5186734945,-199.2873249792,127.6418589389,-67.4761377262,72.2218231890,72.9454639851,75.4222695246,385.1656550427,32.0097500728,-43.0838539405,70.1665332506,-199.2546781334,50.5405331789,-60.7353330751,12.1450387362,-0.0079312381,-0.0079312381,1.0000000000,12.1450387362
739340.6332628034,1.0000000000,-80.4956466134,177.3309649278,-75.0862226773,456.6996523070,22.9673806391,39.6534615711,312.1452940169,-77.0814849821,400.3045417183,92.4831369694,36.9277951335,194.2698055642,-199.0155657243,128.2319510552,-69.0348651598,65.7102078378,72.1323792861,74.9739698258,389.1016978933,37.1794042443,-37.0728581157,65.2738145244,-196.9193976614,48.6842216002,-57.4048058154,12.1186792175,-0.0079312381,-0.0079312381,1.0000000000,12.1186792175
739340.6334119901,1.0000000000,-80.4061204480,163.1960821367,-74.2347012262,452.6791444273,28.9070657308,36.6612202811,267.7138152078,-78.9861224637,391.8797210504,94.5705967060,35.4529326389,204.1359809638,-198.9710995140,128.0148240502,-68.8176926455,66.0469559030,69.5397187907,72.9819991955,384.1183472881,37.5812169966,-39.3393739132,64.9994636452,-198.6600982480,49.9207961201,-58.7531673874,12.1118849171,-0.0079312381,-0.0079312381,1.0000000000,12.1118849171
739340.6334331715,1.0000000000,-80.3781967565,155.7669783637,-73.8652905050,452.6893301248,32.3738008899,41.9544980359,214.4954096258,-79.1567210965,392.9841114652,95.5998297704,27.5015660385,210.1797347950,-199.0179129260,128.7285079139,-68.9280232380,67.7497298554,68.3872528636,72.1061390639,380.1378145785,37.3522588674,-41.0058342350,67.6070307204,-199.2297005850,51.3252426953,-59.1170710916,12.0527770875,-0.0079312381,-0.0079312381,1.0000000000,12.0527770875
739340.6336908081,1.0000000000,-78.8397149681,189.7707450963,-73.3789699184,457.0010780675,23.8503398516,49.5188163205,294.2370571672,-75.5809875706,399.4831046896,96.0361829562,37.4794285863,206.8040741135,-198.6130227733,129.1885472774,-69.6813088886,69.3025461870,68.9218794759,76.1265663853,367.3205763015,37.5735386763,-40.8988946294,70.5161563008,-197.6749978683,48.3511544090,-57.1879645172,12.0520313030,-0.0079312381,-0.0079312381,1.0000000000,12.0520313030
739340.6337085171,1.0000000000,-77.0536969246,204.8399577521,-72.0622492106,460.5937228832,23.2374693312,61.9912416530,296.5045009216,-71.8250898813,408.2160102332,97.2336801715,37.3609884308,212.8117489696,-198.3422116882,129.8756004748,-69.5007606931,72.5535912342,67.1883101930,78.1318602921,346.0622431207,38.5322642075,-42.8466729866,75.6499773348,-197.1309337749,47.3344079859,-55.8456243861,12.0207183636,-0.0079312381,-0.0079312381,1.0000000000,12.0207183636
739340.6338140253,1.0000000000,-80.7431872446,179.2348580494,-74.0290687628,457.9920913038,22.2536988312,44.7234422780,261.9134486977,-76.2216139043,398.5061059166,96.3503250500,31.8369048400,203.0527078024,-199.1838490851,129.0403161138,-70.7780242780,67.3370608036,71.6591422488,74.0881863361,386.3409361799,32.9192615943,-39.8287304112,69.7776827840,-197.9539414077,50.3146136222,-60.1151413495,12.0154176686,-0.0079312381,-0.0079312381,1.0000000000,12.0154176686
739340.6338327000,1.0000000000,-81.1306241096,182.6558870322,-73.5642897066,461.9116009371,20.3833889600,51.4787755978,240.6779509791,-74.1758576225,405.4320324186,97.5512874392,26.3414519540,207.8797795796,-199.4698057435,129.5612574390,-71.3971138429,68.4056163717,72.8747844532,74.5728538954,386.2046178140,29.3600663831,-40.3149341278,73.5540463602,-197.7905031030,51.1822583284,-62.2511344937,11.9550280252,-0.0079312381,-0.0079312381,1.0000000000,11.9550280252
739340.6342213608,1.0000000000,-80.8030863634,188.7596324953,-74.7395535552,461.7340464927,21.1131141850,58.4929259175,258.7199308631,-71.2258152279,404.9241185392,91.6431003333,23.4811707491,182.1843716680,-199.4363516776,129.8629525856,-69.8967521130,69.5725921642,68.6884999530,73.2590342683,379.7544842237,35.9746023411,-37.1901049761,65.5309866294,-197.4964897889,48.4927614444,-55.8315731552,11.9519603623,-0.0079312381,-0.0079312381,1.0000000000,11.9519603623
739340.6343997751,1.0000000000,-81.7878613628,160.6590561221,-73.4390261127,459.9738303759,22.7863471192,58.6088782359,185.5488587026,-72.8945857762,397.5925536957,97.1206406305,23.5988771414,207.1664137064,-199.2874059727,129.9051802779,-70.1242637553,73.4077553700,68.2977340352,73.3359400620,373.7573347438,36.9164976324,-43.3364023430,74.0681798873,-198.4130570279,51.4036049630,-59.5334631103,11.9483280027,-0.0079312381,-0.0079312381,1.0000000000,11.9483280027
739340.6345282297,1.0000000000,-80.3455782518,148.2283949397,-73.1514232764,463.7089180432,21.2193909538,62.0413892511,229.7488964057,-71.2516345200,412.5005059557,96.1192958585,19.5013145691,206.7366207339,-199.5311604413,129.9083017005,-68.6029480206,73.7566566842,70.5444854970,76.7498361759,367.6728383269,35.9295065797,-42.1493135235,76.1388744354,-197.9196795112,49.4210969539,-59.6655823241,11.9363363120,-0.0079312381,-0.0079312381,1.0000000000,11.9363363120
739340.6349485321,1.0000000000,-83.3021535120,163.9232406982,-75.3654375915,463.2404535402,18.1998153400,55.2493865367,110.2960460761,-70.6026858553,401.6961738681,92.0069894712,0.6367693071,184.5507524058,-199.7572986915,129.9916195300,-72.1678440801,72.8899552914,72.9939732592,69.6875704113,401.6953822948,27.3157575026,-42.4479617411,71.9268924148,-198.7019146527,54.9156579008,-59.3600099565,11.9155423494,-0.0079312381,-0.0079312381,1.0000000000,11.9155423494
739340.6349852189,1.0000000000,-81.3388880858,182.5560823647,-73.5790108619,464.4939899370,22.1985446174,61.0379085011,238.1198849366,-68.6777308696,411.1375227986,93.8173386195,20.1225848297,195.4186400225,-199.7172354474,129.9722751045,-68.8990202207,71.8486094920,70.4435129034,73.3167683902,370.0461006754,35.8565864450,-40.7711519878,75.8809934726,-197.3847380671,49.2261595820,-59.1988767474,11.9015043946,-0.0079312381,-0.0079312381,1.0000000000,11.9015043946
739340.6351807049,1.0000000000,-80.9652406889,181.2554423706,-74.0236323649,466.7688745196,26.9186440880,64.9314315489,215.2418504084,-67.9495744649,414.2617161197,95.9309814138,18.7126099354,195.6625801160,-199.8502159049,129.9852012307,-68.2440746784,73.2582867613,68.7574485906,75.0992595888,368.3983173520,36.1871123007,-40.5305739717,76.3757303287,-197.2399951731,50.4547049913,-60.2974376092,11.8901361493,-0.0079312381,-0.0079312381,1.0000000000,11.8901361493
739340.6357803047,1.0000000000,-81.0293785528,171.9744899856,-73.9857125554,468.2423662194,21.6344347920,66.3654239441,202.6225652564,-66.1870714402,416.2517398783,95.1405441182,15.9893453154,194.6292181064,-199.8772578607,129.9988699210,-68.4253261048,74.2533198585,70.7607795325,75.0035253540,373.3864573256,34.8469874610,-40.7422087118,76.4314609946,-197.4306425713,50.3954887213,-61.1263112398,11.8882711685,-0.0079312381,-0.0079312381,1.0000000000,11.8882711685
739340.6359561547,1.0000000000,-82.1453736497,166.4724196020,-73.5645623451,468.0586293594,22.5282246709,67.0764446689,198.9502698741,-64.9763383027,412.8704946535,94.4866603729,16.5729677496,192.1884268871,-199.9101341048,129.9996807872,-69.1026028136,75.0417395752,70.4206717129,74.0190594508,376.6819665206,32.3721216007,-41.1742974668,76.4193981808,-197.9031645225,50.7640938793,-59.6861621508,11.8838669208,-0.0079312381,-0.0079312381,1.0000000000,11.8838669208
739340.6360609046,1.0000000000,-81.4151644931,181.5344640885,-74.1477884125,469.4755189211,19.7992312396,66.1734221880,189.6912182101,-62.3483769835,416.0609280136,93.0219941556,11.4821909060,185.8945140958,-199.9484382640,129.9836384165,-68.7583324838,74.7642242766,71.5258675604,74.3451626456,376.3792853072,32.6109803086,-41.1256832272,75.2322684782,-197.9928571835,50.7779960573,-60.8577663799,11.8816981186,-0.0079312381,-0.0079312381,1.0000000000,11.8816981186
739340.6364462592,1.0000000000,-82.3318180476,160.5550461798,-74.1788314584,467.5395722634,26.5811705374,63.0566763567,187.1219223764,-64.1529558238,410.7031163149,94.4727325283,13.6121563061,188.1618177100,-199.9890002756,129.9968181465,-68.0799774021,73.7015313462,70.3241742901,72.7650589337,378.9717995952,34.7948282790,-40.9921234799,75.4765648418,-198.2441348975,51.1063496239,-62.8777484263,11.8770560367,-0.0079312381,-0.0079312381,1.0000000000,11.8770560367
739340.6367154856,1.0000000000,-83.2179985150,172.8392739933,-74.5894159808,468.8083956070,25.5808412688,63.7421712441,187.5353551827,-63.8254959092,413.1352748642,96.3947339293,11.3016745844,186.9099458466,-199.9953837464,129.9975442428,-68.6825264627,74.1369960734,71.3666753064,73.4177274399,383.4412296483,34.6115677675,-40.2169978738,75.3912546845,-197.6609656202,50.9981137441,-63.4875306780,11.8764885295,-0.0079312381,-0.0079312381,1.0000000000,11.8764885295
739340.6368842213,1.0000000000,-82.1438127396,170.5186264189,-75.1841846783,469.1990792947,18.6616525479,63.7174227666,199.3992114395,-63.5285126738,413.1097743910,89.7709158607,12.1591467478,183.0399886777,-199.9955412420,129.9979402696,-68.0059167279,73.0295042107,70.8372910043,72.0429013847,385.0720714447,32.3852599626,-39.0937108027,74.5782225226,-197.3170102998,51.2899450425,-62.0424397914,11.8756118623,-0.0079312381,-0.0079312381,1.0000000000,11.8756118623
739340.6371200527,1.0000000000,-82.9839278733,163.7906631666,-74.7496680983,469.1948245484,22.8041387103,64.5780341778,157.5029151663,-61.2168445214,408.7252536748,94.3223182445,8.0976467913,181.2047994927,-199.9983141774,129.9898898679,-69.9908203123,74.1957948692,72.6047521816,71.0497902170,392.7327618520,30.6449082646,-40.4443784290,73.4258250407,-198.2530176274,52.0885253746,-62.8526888635,11.8751771104,-0.0079312381,-0.0079312381,1.0000000000,11.8751771104
739340.6372770747,1.0000000000,-83.1236708828,172.6323550641,-74.8979462459,468.4289311737,27.5703006733,63.6369115437,163.7187970834,-63.1272308629,406.6997161669,95.0916142163,8.7242486531,181.7874219919,-199.9999999874,129.9962213104,-69.8451978336,73.0873089173,71.1276968434,70.8279414112,390.4490362334,31.4894326904,-39.7349586681,72.8012657671,-198.1560429471,52.3545680088,-62.6439288626,11.8734230825,-0.0079312381,-0.0079312381,1.0000000000,11.8734230825
739340.6373120066,1.0000000000,-82.2235005240,174.0082506999,-74.4768865401,470.2788846012,26.9360790514,67.4933912909,197.0135849992,-62.3767974031,414.1684044176,95.6427020020,12.8520322362,187.0457361089,-199.9988299576,129.9998422277,-68.3687187803,73.5156715475,70.7830295593,73.2439493662,380.5765938672,33.9341374446,-38.7792564633,74.7968905406,-197.5337704116,50.7503951670,-63.2164948478,11.8733632578,-0.0079312381,-0.0079312381,1.0000000000,11.8733632578
739340.6375733897,1.0000000000,-82.3513198917,178.7706387567,-75.4591889486,469.1072711793,26.1580511624,62.4607084843,165.0705524905,-63.9536587766,410.6722280204,95.5953327994,7.9744756873,181.3137718044,-199.9991304835,129.9999389039,-69.1583925591,71.9460972424,71.7353555247,71.5680535245,390.4338505239,33.8770917192,-38.7708977644,71.8327430900,-197.7781906115,52.0603044170,-64.3843966714,11.8723430749,-0.0079312381,-0.0079312381,1.0000000000,11.8723430749
739340.6381985155,1.0000000000,-82.9471449994,180.5895706631,-75.8059995090,470.7819978319,24.4065417026,65.3837090387,162.5559451869,-63.0645578969,411.1520746296,95.8096089073,6.9572787374,179.7660742882,-199.9879073385,129.9999841531,-70.0343675096,73.1990242914,72.4960631543,70.9633168875,398.2777930189,30.8625442426,-37.5042705056,70.2647023697,-197.5722224945,52.3389439568,-63.6558555957,11.8702515715,-0.0079312381,-0.0079312381,1.0000000000,11.8702515715
739340.6382807435,1.0000000000,-81.9850412103,168.6874957057,-75.5517285619,469.7495381992,25.4811716637,65.2284681250,159.1467256724,-63.1621111009,408.1844020019,93.8582511260,7.9974915966,180.0646746345,-199.9915903705,129.9997249697,-69.6770966016,72.6282934192,71.4848376418,69.9652269971,394.9462282487,30.7373284234,-37.9800320106,69.8412279508,-198.1501746142,52.4423675958,-63.1251831046,11.8698138801,-0.0079312381,-0.0079312381,1.0000000000,11.8698138801
739340.6382991697,1.0000000000,-81.2500240613,166.6138269207,-75.9985537855,470.2049843284,25.4313267003,65.9475893348,145.0930673851,-62.8260096865,405.5794329539,92.3466483522,6.3398499652,176.6384694271,-199.9705796398,129.9975345035,-70.1694362717,71.8124548312,71.5436306101,67.9860770734,400.3772054972,28.7804285368,-36.8467721507,66.3135850182,-198.3805081636,53.1775403298,-62.9434901492,11.8680059633,-0.0079312381,-0.0079312381,1.0000000000,11.8680059633
739340.6391172532,1.0000000000,-82.7621610414,173.3126040893,-76.2669206612,468.4695660690,28.0001963024,61.9294068096,139.9736774241,-65.8188180755,403.3839733318,95.6327827851,4.5898772236,176.2182266053,-199.9900676793,129.9910818152,-70.6808091921,71.3689892903,72.0663837417,67.8062033625,403.8533116361,31.3415732621,-36.9352331785,65.0233320817,-198.1809574489,53.1275313614,-63.5668365142,11.8664360945,-0.0079312381,-0.0079312381,1.0000000000,11.8664360945
739340.6391399178,1.0000000000,-83.0100083202,172.9648347776,-77.0337949834,467.5086694777,28.5309770544,58.8148735401,112.2530973094,-67.4129650178,397.4487248957,95.6278190420,0.4346132597,170.8001237033,-199.9824734955,129.9816744734,-71.8095684059,70.1875219459,72.6738376833,64.5418180397,413.8342268391,30.0363268294,-36.0036589107,58.4544152744,-198.4799223863,54.3505744400,-63.7415186512,11.8616882335,-0.0079312381,-0.0079312381,1.0000000000,11.8616882335
739340.6396564171,1.0000000000,-81.5802090736,174.9173857007,-76.2996295123,468.9578542965,31.8585540105,64.9721863756,132.1784622684,-64.8034329074,400.4558486875,95.1459760958,2.9878803444,173.8405035303,-199.9597618280,129.9998698857,-71.1941218339,70.0523104302,71.3478554876,65.6035709183,403.9078368846,30.3846908509,-35.4140123573,60.0665010121,-198.5232733287,53.1359284454,-63.0016344674,11.8615376867,-0.0079312381,-0.0079312381,1.0000000000,11.8615376867
739340.6396737974,1.0000000000,-80.7694912955,172.0845469985,-76.5351270030,467.9857363295,35.5152712873,64.7645054212,117.2772495240,-65.6412142420,394.6432708780,94.7963393659,0.9997978678,170.8777920361,-199.9395307768,129.9997713934,-71.7668554206,68.2707387431,70.7448959853,62.5059488763,406.6050302480,30.1454762957,-34.3573261295,53.8142929698,-198.9418208301,53.5381590703,-62.6728326711,11.8558154489,-0.0079312381,-0.0079312381,1.0000000000,11.8558154489
739340.6399485321,1.0000000000,-81.7746376230,181.0413029989,-77.0525546949,469.4369409353,29.8544114150,64.3205103293,112.4990859358,-65.4632721205,397.8223442464,94.8115345634,-0.2091765103,169.8610880309,-199.9476890970,129.9998404374,-72.4660579740,69.9232785592,72.2934442234,63.3031047637,413.8005617024,27.3181263033,-34.3169405243,54.3608396602,-198.5863885208,54.4114974206,-62.6140620965,11.8556885450,-0.0079312381,-0.0079312381,1.0000000000,11.8556885450
739340.6401025075,1.0000000000,-81.3925383723,182.4368198432,-77.2901454619,468.9029572776,29.6612179883,61.3639901266,92.1530671488,-65.7120742062,395.6460496046,94.9904233837,-2.8252196452,167.8712929267,-199.9451775228,129.9995701682,-72.7902633060,68.7812818140,72.8009066994,62.5163156008,416.4457870412,27.2463392101,-34.8013174717,51.7615577624,-198.9416814819,55.3091730091,-64.0172842332,11.8548771027,-0.0079312381,-0.0079312381,1.0000000000,11.8548771027
739340.6401196937,1.0000000000,-80.7304627281,187.7483546481,-77.9513414789,468.3556376522,29.9228140166,58.0294895468,60.5053453901,-66.3753553143,390.0602443480,94.5517224051,-7.8753517733,161.9035063954,-199.9235276906,129.9963507227,-73.8960428094,66.6531272511,73.4595995674,59.0042246217,423.5227081311,25.6838381088,-34.0684866891,42.4284529686,-199.3540050297,56.9188904068,-64.8102637750,11.8463951544,-0.0079312381,-0.0079312381,1.0000000000,11.8463951544
739340.6405473216,1.0000000000,-80.8784444772,172.9700121362,-77.5038798200,467.4172249531,33.1906829195,61.0851401767,69.9340761879,-67.4883140555,386.8008406198,94.8516916830,-3.6833705313,165.2448934509,-199.9475260529,129.9988169623,-73.7874834916,68.2940584687,72.3087497475,58.2162848715,421.2329076084,25.8867424815,-34.2978380128,44.8887117395,-199.4651061000,56.2643824309,-62.7887252091,11.8461528997,-0.0079312381,-0.0079312381,1.0000000000,11.8461528997
739340.6406170300,1.0000000000,-80.9325930145,172.0577890435,-77.6553802027,467.2686477211,34.0884838286,60.6607309095,66.4562879739,-67.4716521522,385.0364376638,94.7663822447,-5.7842774514,164.5801480606,-199.9256368654,129.9984708641,-73.7200193825,67.4001905075,71.7284824344,57.3377802748,421.1937879323,26.4300333133,-33.8149492058,43.3756759006,-199.4525529314,56.2757039391,-63.4189205964,11.8445205983,-0.0079312381,-0.0079312381,1.0000000000,11.8445205983
739340.6406554069,1.0000000000,-80.8868485557,172.9407075908,-77.6808617601,467.6333070771,33.0736389171,61.0569031937,68.1563754023,-67.1571246950,385.7272050676,94.4570967060,-5.1505722452,163.4306831989,-199.9292332341,129.9994140386,-73.9816688978,67.8659527771,72.4190205290,57.2456479190,422.8159333397,25.4051299422,-33.5755304406,41.4342185887,-199.5046787568,56.2171867169,-62.9509136474,11.8419906441,-0.0079312381,-0.0079312381,1.0000000000,11.8419906441
739340.6407595577,1.0000000000,-80.7321359464,172.7685250712,-77.6625499760,466.8590258687,34.1150028953,60.0608692068,67.9066074217,-67.1932642020,383.3797615802,94.5516962362,-5.2093044453,163.3056784160,-199.9399123167,129.9991716444,-74.2906800628,66.9343502237,72.3625480979,56.6530366752,423.0160313872,25.2543157074,-33.5676648686,39.5726982453,-199.5843734773,56.2628129368,-62.9265827491,11.8395663921,-0.0079312381,-0.0079312381,1.0000000000,11.8395663921
739340.6415882055,1.0000000000,-80.6305684118,174.3620731070,-77.7333238459,467.2237772812,33.5214017208,60.4001836500,60.3913611142,-67.3160831384,383.6441909284,94.1281702408,-6.2644956654,162.0848908321,-199.9250695789,129.9995545461,-74.1997031944,66.8157544234,72.3236834354,56.0992450815,423.5521243441,25.2388304037,-33.4189975117,39.1907689646,-199.6202272914,56.7538281990,-63.1921842283,11.8393368981,-0.0079312381,-0.0079312381,1.0000000000,11.8393368981
739340.6421290524,1.0000000000,-80.4737803806,173.7062234364,-77.6907392469,466.9742016900,34.2974448034,60.8335615633,61.2876055502,-67.0282639049,383.0327770602,94.0023512074,-5.9907851702,161.6648514502,-199.9327381700,129.9999007029,-74.2737105832,66.9474209464,72.0661563864,55.7713621476,423.0186733067,25.3029403798,-33.5042674857,39.0042946188,-199.6450871193,56.5706283138,-62.6255004746,11.8391281645,-0.0079312381,-0.0079312381,1.0000000000,11.8391281645
739340.6514202793,2.0000000000,-40.2236382988,-99.3556521914,17.3091779625,211.6177603903,33.4774372527,-31.4661867002,304.9621095497,-41.1565922449,311.9791599847,-23.3979079401,8.0510106857,198.5443762963,-199.9981300467,127.9266552197,36.5329616010,77.6213300755,42.2845767966,-33.9265385616,292.7190505801,-20.6659959543,50.4305904843,15.6700933764,-194.1087940247,87.3173449786,-37.3240871209,11.7345558175,-0.0079312381,-0.0079312381,1.0000000000,11.7345558175
739340.6517919770,2.0000000000,-41.2165014819,-97.4725408866,17.9024947288,189.2676109882,23.0763973539,-0.3119628118,307.8427542479,-45.9398888469,310.2512893162,-27.5084590338,7.6406960721,187.9021717136,-199.9133962943,128.2690561113,45.0116579531,74.3135420128,39.5613948189,-31.4413934390,286.0445870399,-18.5874322027,55.4615358965,14.2044660929,-194.6649913678,84.7857087404,-36.6414087474,11.7174852476,-0.0079312381,-0.0079312381,1.0000000000,11.7174852476
739340.6519492730,2.0000000000,-41.0149323389,-96.4980207696,17.6556200096,195.1833432613,22.3691623278,-2.6336242141,308.0312119818,-47.0500901111,309.8708543975,-31.8219499142,7.4898474002,180.8336910228,-199.6820472250,128.4207990047,42.1032397129,72.0993174903,39.6879857655,-29.8569939561,283.8180593387,-12.5591285713,53.8176361967,16.1861550262,-194.6722504476,84.6760416205,-37.4666963960,11.6896103408,-0.0079312381,-0.0079312381,1.0000000000,11.6896103408
739340.6519842562,2.0000000000,-42.6413383570,-97.9953857032,16.6561662716,198.4297543358,24.8489348368,-4.0136115938,307.6987780047,-46.6425283225,311.7354084216,-29.7681593160,7.7400910652,174.9845098317,-199.9659006035,128.4479252985,46.5591723636,71.4551222459,40.7476851165,-30.5152011136,285.1134567744,-19.8279903619,51.2228381954,16.1222753387,-194.7333226990,86.3092769997,-35.8676975268,11.6670858003,-0.0079312381,-0.0079312381,1.0000000000,11.6670858003
739340.6520019304,2.0000000000,-44.5696902092,-98.0250879044,14.7539436164,212.5910416791,22.1346504409,-5.3439398514,307.8641369435,-45.2855657507,309.8697434555,-30.5135281107,7.8979115449,172.1097446543,-199.9999601928,129.0483905125,49.1359299809,64.2103460366,42.0501597091,-27.9545167848,282.6377436763,-27.0071194881,45.4387124540,15.8999065214,-195.1553903430,90.0579994383,-33.6696887724,11.5923715089,-0.0079312381,-0.0079312381,1.0000000000,11.5923715089
739340.6523445577,2.0000000000,-43.0509699814,-98.4526934385,20.2321043122,202.6387991506,20.8878358127,-15.2020393832,319.0123219295,-42.1030298117,310.2355921661,-28.6351086569,7.7349016683,179.6712171531,-199.9768226110,129.1849498895,40.8312817048,68.0960240488,42.6696445247,-29.5957444116,281.9618704082,-24.7699367432,44.5555520118,14.3970965672,-193.9215528102,90.3675148340,-23.4962668179,11.5644609977,-0.0079312381,-0.0079312381,1.0000000000,11.5644609977
739340.6529283280,2.0000000000,-44.9166994893,-98.2442396651,18.0053046921,215.2715568267,19.4043081405,-13.0295617113,314.1054387012,-40.0234217977,311.9996197842,-30.9080976499,7.7505177477,177.5819301811,-199.9423098143,129.4977885622,38.7635830677,62.5768529265,43.0751667131,-27.3784550359,280.7096537319,-32.0672340857,43.9594412182,13.9912914689,-194.5410702568,93.1088754569,-26.4499293199,11.5556632376,-0.0079312381,-0.0079312381,1.0000000000,11.5556632376
739340.6531766175,2.0000000000,-44.3091798503,-97.9895858744,17.0926206648,212.6670293521,19.4004506381,-11.0849069798,313.8757010614,-40.9097409387,306.9198509809,-29.3654867480,7.9291261286,182.8351880490,-199.9695038811,129.4007532815,40.0891522147,64.0525867132,42.4474386276,-26.8341005535,282.2187162504,-32.4565990518,44.8297178479,14.3911538925,-194.7575042477,90.7641614260,-24.3726205429,11.5486017324,-0.0079312381,-0.0079312381,1.0000000000,11.5486017324
739340.6538281423,2.0000000000,-44.8535024204,-98.1756890341,18.2159839190,215.5339859351,19.4714234720,-11.8530713222,320.7778646775,-41.8053798293,308.4205733490,-32.1090748721,7.7729285916,178.9942323659,-199.9906866454,129.3140021098,40.9700010111,64.9441719328,42.9942338485,-27.6230759883,282.1886611611,-30.1591609461,43.9481742983,13.3791568699,-194.5743236069,91.3600190866,-25.1860641901,11.5448191895,-0.0079312381,-0.0079312381,1.0000000000,11.5448191895
739340.6539212677,2.0000000000,-46.0051518200,-98.2376553141,17.3266599917,220.2858693507,19.0255902070,-14.6380282505,316.2521007635,-40.7870434599,307.5937625069,-29.1296961497,7.8517393897,180.5019534332,-199.9639753597,129.4899833387,41.4661549064,63.1605703030,43.3200811780,-26.9879671850,281.5779289670,-31.4133381410,43.1320816695,13.5490532422,-194.9133769625,93.2029915191,-24.8836088907,11.5261476925,-0.0079312381,-0.0079312381,1.0000000000,11.5261476925
739340.6544480709,2.0000000000,-45.5650193668,-98.7199589945,21.1592270620,195.1745823788,24.0563362098,-19.9184580238,333.6162038999,-40.5343295096,312.1314375919,-29.5820524714,7.8710484316,178.7181523488,-199.9486821976,129.2515052417,40.4194915322,68.9726879010,42.3211319316,-29.4178927616,282.5851319927,-31.8511517457,43.1071670485,13.7110736998,-194.1960200010,94.6828681225,-22.9054984724,11.5181449201,-0.0079312381,-0.0079312381,1.0000000000,11.5181449201
739340.6549833815,2.0000000000,-45.6513767441,-98.2484952587,18.4487501579,219.1537556082,20.0941090417,-16.1331702439,322.7074469529,-39.6974541938,308.0182542592,-30.4764143833,7.7727648017,179.6838429160,-199.9665648366,129.4871325139,38.1956691946,64.3017456122,42.7793063006,-27.2399538622,281.5630178500,-32.4339151821,43.0362728031,13.0786768349,-194.6122028645,93.7875624309,-23.7346787249,11.5167499587,-0.0079312381,-0.0079312381,1.0000000000,11.5167499587
739340.6553314850,2.0000000000,-45.9834418794,-98.2996159645,18.5462580258,217.7846663368,19.3126824813,-16.4665071562,323.1255977951,-39.2330628122,308.1796402337,-30.3502113804,7.8218064790,180.0185814099,-199.9401580269,129.5428759347,38.7442230669,63.6654188400,43.0373948265,-27.0481070908,281.3176483089,-34.4750630140,42.5986964268,13.0844788932,-194.6845977692,94.1335759332,-21.7860114785,11.5116078156,-0.0079312381,-0.0079312381,1.0000000000,11.5116078156
739340.6554185123,2.0000000000,-46.7769382891,-98.8423012206,18.8888654979,218.5043012059,21.4967237440,-23.0583612662,325.5334443486,-36.5382386984,308.1026452166,-27.8446226804,7.9157660204,182.8956003424,-199.7947021784,129.6385529571,36.6247272294,64.9198621718,43.4489602501,-27.7421106028,281.2243324854,-35.2733342102,42.7702899372,13.1515000085,-194.7427205401,96.4869106808,-20.9212339718,11.5105961252,-0.0079312381,-0.0079312381,1.0000000000,11.5105961252
739340.6554361029,2.0000000000,-47.7260808524,-99.1191091515,19.2247798338,219.9929985593,22.5059764837,-28.4969430505,327.8945028461,-33.8245806375,307.9441623748,-25.6909947267,7.9871752086,184.8449323448,-199.6014905454,129.7622873274,34.4209489888,64.9077007029,43.6755813256,-27.8016017635,280.7884835884,-37.7925993149,42.1764016988,13.0376303919,-194.8261140715,98.9978436030,-18.7732322904,11.5048247116,-0.0079312381,-0.0079312381,1.0000000000,11.5048247116
739340.6557409057,2.0000000000,-47.1048965103,-98.7759766892,19.1983498054,216.9383380997,21.1306943203,-22.8610819569,325.4742735474,-37.4356001208,307.5340433308,-28.2767170496,7.9841419555,182.6915944387,-199.8546634089,129.6213857094,37.5679913303,64.0612731419,42.8527109169,-27.1759877148,281.9030187017,-36.1905381187,42.2340918236,12.4759274990,-194.7972052529,96.4813456010,-20.8084243615,11.5013850190,-0.0079312381,-0.0079312381,1.0000000000,11.5013850190
739340.6557618550,2.0000000000,-48.0528886202,-98.9984230571,19.8452877864,216.2814343147,21.5855585637,-27.2669774035,328.0966650131,-35.8764210544,306.8950862617,-26.8408843337,8.0902952622,184.0833305673,-199.7711264367,129.7120695938,36.2720590969,63.5047811467,42.5568778618,-26.8194894486,282.1609945610,-38.8388259825,41.5316368030,11.7873597862,-194.8781432104,98.3983267667,-18.7834610710,11.4893083552,-0.0079312381,-0.0079312381,1.0000000000,11.4893083552
739340.6560346334,2.0000000000,-47.7028873325,-98.9945722353,20.0705939677,216.2095185675,23.6122458201,-27.2183627846,334.3456693156,-35.1674497337,308.7471897132,-28.7907407504,7.9940389931,183.3398870759,-199.7653738857,129.6448724062,34.2165175057,65.7154572159,42.5588176178,-28.0094342896,282.1357629175,-40.0324842955,40.8394064360,11.8360711004,-194.5673438627,98.2314926046,-18.2356699281,11.4843001272,-0.0079312381,-0.0079312381,1.0000000000,11.4843001272
739340.6560557163,2.0000000000,-48.5415634724,-99.2940155496,21.4334069669,214.1781508512,25.8866859912,-33.2576829538,343.1350886647,-32.2713131936,309.3302015334,-28.6211273869,8.0651792445,184.7580768377,-199.6011024703,129.7118682189,30.5101369929,66.9216830696,42.1761497713,-28.5182377660,282.4294172474,-44.2186610792,39.6755428017,10.9774420143,-194.3908894979,100.6876562786,-14.8780602162,11.4698986810,-0.0079312381,-0.0079312381,1.0000000000,11.4698986810
739340.6565622608,2.0000000000,-48.7972736901,-99.0856972926,19.5491486320,218.7655215959,24.5195890188,-29.5597878995,331.2035204671,-34.9052808069,308.7328589084,-26.1139691152,8.0871330487,183.1611966568,-199.7229839393,129.6865669200,34.8038512288,65.2158354009,42.3488147887,-27.6098716058,282.4009408381,-40.8277496120,40.2114153024,11.7869694727,-194.7880451331,99.8264763524,-19.9313845987,11.4658550744,-0.0079312381,-0.0079312381,1.0000000000,11.4658550744
739340.6567314876,2.0000000000,-48.8187492851,-99.2488859029,20.4561249334,213.1774943458,25.0400839638,-32.6748229588,339.6964659105,-33.2902109880,309.0349939577,-25.0657043300,8.1183844048,186.2582329789,-199.6246497832,129.7213424026,31.8810141611,65.8365497060,41.9718903561,-28.0500343599,282.3789263534,-43.1489493828,39.5238622221,11.4563322773,-194.6082398261,100.5431314810,-16.7957111199,11.4652609672,-0.0079312381,-0.0079312381,1.0000000000,11.4652609672
739340.6567528456,2.0000000000,-49.4247146755,-99.4087964691,21.1644930583,211.2808762570,26.3227400608,-37.2876862220,345.7493548213,-31.3958827083,309.4822125813,-23.4705636038,8.1870960297,188.8731983150,-199.5086158165,129.7713658420,28.9587545173,66.2309506047,41.4213671096,-28.2497720219,282.5586273713,-46.2991566445,38.1775782135,10.8872655808,-194.5186534804,102.3152614570,-14.5108989811,11.4497310952,-0.0079312381,-0.0079312381,1.0000000000,11.4497310952
739340.6569417990,2.0000000000,-49.5436359901,-99.2426604279,21.1030980062,212.3959130681,25.8580704831,-33.4947942386,341.3684422428,-33.3935928844,308.8773811937,-25.5048327190,8.1496156914,184.2323826145,-199.6509375345,129.7145638164,31.7602164982,65.9856542209,41.4039530161,-27.9115227200,283.2663265920,-45.3191609276,38.7804313908,10.5695549881,-194.5838906758,101.2497596750,-15.4250466707,11.4480095352,-0.0079312381,-0.0079312381,1.0000000000,11.4480095352
739340.6569628489,2.0000000000,-50.3740547939,-99.3279393455,21.9829739327,209.4409633652,27.2800993567,-36.3522276069,347.0077165748,-32.6667192182,309.2030802984,-25.0626546576,8.2224887944,184.3974577258,-199.6295412501,129.7197073133,30.1470289417,66.4109718786,40.5325845348,-27.9616969921,284.2865966668,-48.6575379931,37.3734710030,9.5646202426,-194.4904577079,102.5532696727,-13.4746386583,11.4237486316,-0.0079312381,-0.0079312381,1.0000000000,11.4237486316
739340.6576327953,2.0000000000,-51.7992503540,-99.6280500048,21.6241470204,211.9310496265,30.0608972575,-43.1898460255,354.7533941897,-29.0798966301,309.1735581016,-22.6799639583,8.3254172538,184.9404189303,-199.2793823268,129.8331588074,27.4229826605,66.6843413449,40.4481079994,-28.5485565568,283.7846531249,-51.6632401725,35.9534161539,9.5586668171,-194.6379369174,106.2554909369,-11.8454921278,11.4152685383,-0.0079312381,-0.0079312381,1.0000000000,11.4152685383
739340.6576538017,2.0000000000,-53.1331330985,-99.7698616861,21.8192060706,211.2244389985,32.5204153267,-47.7462853263,362.7792408382,-27.3029645798,309.3122613679,-21.4471493488,8.4455973545,184.1911692097,-199.0898909972,129.8639035396,25.5743487831,66.8635166324,39.6469718033,-28.8848636359,284.5887296481,-55.3494784057,33.9075921329,8.7792921340,-194.6743845751,108.8032145482,-10.0783528150,11.4003260866,-0.0079312381,-0.0079312381,1.0000000000,11.4003260866
739340.6580096344,2.0000000000,-52.4002423324,-99.5594772836,22.6383395165,203.8153618795,31.7313605513,-43.8570519298,359.8918747877,-29.6226073979,310.8556238506,-22.1031279397,8.3032475422,186.0585883508,-199.4418661606,129.7810277773,25.7637076481,68.3632932078,38.8048975625,-29.0583368085,285.0016058841,-54.0293995430,35.3771649383,8.5626376959,-194.3967930428,106.6027109237,-10.3231630834,11.3883586483,-0.0079312381,-0.0079312381,1.0000000000,11.3883586483
739340.6582659604,2.0000000000,-52.8078535981,-99.5950301991,23.2027825782,203.0657924914,29.9102587819,-44.7816555763,363.4408907745,-28.5643881777,309.8826812577,-22.6523736829,8.3244990812,185.4349511499,-199.3083891838,129.8678421408,26.6573285201,66.6048480324,39.6331605211,-28.1704895803,284.0053267051,-55.5294889292,34.5870737840,8.5317340610,-194.6028338154,107.8331430318,-8.1550571540,11.3787997795,-0.0079312381,-0.0079312381,1.0000000000,11.3787997795
739340.6583290192,2.0000000000,-52.8598742123,-99.5770851549,22.6209194205,208.7328842395,30.9468547953,-44.4909500143,357.4503946762,-29.1279457883,310.3785532758,-21.7835341465,8.3709514118,184.9710639187,-199.3768461446,129.8328720601,26.2121101507,66.6459963769,39.2602090832,-28.2482185346,284.7025452155,-55.1733859357,34.5796041042,8.3889019197,-194.6675606518,107.5508803976,-11.2288378038,11.3775398776,-0.0079312381,-0.0079312381,1.0000000000,11.3775398776
739340.6585821403,2.0000000000,-53.2432898883,-99.6512982169,23.7669627814,207.7451942254,30.6130917116,-46.5275892506,363.0694162605,-27.0933943645,310.3456483079,-22.4596024071,8.3383442476,183.2825070665,-199.1971693304,129.9002460653,23.7095223075,66.0908306848,39.2300622133,-28.0324975317,283.9267015930,-58.0227611864,33.8713590674,7.8494234789,-194.5411579422,108.9765143330,-7.0096792906,11.3750695661,-0.0079312381,-0.0079312381,1.0000000000,11.3750695661
739340.6586682457,2.0000000000,-53.9282846244,-99.7726108799,23.7445812244,205.5225895909,33.4593624412,-50.3853378566,368.0696283361,-25.3351864648,310.9071107597,-19.9312025215,8.4009612549,185.1495520346,-199.0095622083,129.9108371274,21.1381227523,67.4832594929,38.4377827711,-28.7898685368,284.6325613731,-59.7838619843,33.3345313646,7.6045423428,-194.5175420072,110.6090503243,-6.8473015189,11.3685628835,-0.0079312381,-0.0079312381,1.0000000000,11.3685628835
739340.6587166879,2.0000000000,-53.6159891053,-99.6478048946,23.3563946896,206.7972920199,32.1397501198,-47.3968184841,366.1296999808,-28.0483426671,307.3188429264,-20.6970035954,8.4341407865,186.1154219858,-199.3300457327,129.8386837591,23.8922148616,68.0489061609,38.4046426890,-28.5136848689,286.4169552675,-57.4353295161,34.3126941356,7.2680864494,-194.7042781677,108.3360668515,-6.0122246002,11.3660437978,-0.0079312381,-0.0079312381,1.0000000000,11.3660437978
739340.6587376932,2.0000000000,-54.4990096574,-99.6499418407,23.5908721965,206.5876721266,32.9472468604,-48.9633421870,371.0384339694,-28.2094352427,304.5535699832,-19.7041942261,8.5315318765,187.1885310525,-199.3986324935,129.8191452128,23.4872965118,68.8917223485,37.6114734130,-28.4944858658,288.5619697414,-58.8924627056,33.8683145638,6.2502185509,-194.8864003175,108.7634171596,-2.9888926282,11.3568092092,-0.0079312381,-0.0079312381,1.0000000000,11.3568092092
739340.6591561219,2.0000000000,-54.1421266831,-99.7901236639,24.6678563056,201.5828020773,33.1306155923,-50.8293348614,371.3634292958,-26.4728338676,310.4478170575,-19.7582957997,8.4414676246,185.5806683079,-199.1493324355,129.8771778781,21.7642561648,67.9939027548,38.1812633992,-28.8399275733,285.6202907351,-59.2829158433,33.0572105909,7.0049197634,-194.4729725501,110.3412375870,-5.9395900396,11.3558910206,-0.0079312381,-0.0079312381,1.0000000000,11.3558910206
739340.6591735623,2.0000000000,-54.8699596728,-99.8579926709,25.4943161340,198.3548273073,34.1170341289,-53.7177765507,377.2783274205,-25.5605798099,310.7367210560,-18.3795564985,8.5105378912,186.5692254968,-199.0795929434,129.8889131599,19.9158302988,68.3181797024,37.5031099835,-28.9928642352,286.2574244747,-61.3570963280,31.8927335235,6.2833267153,-194.4261468102,111.6854660382,-4.2130145311,11.3547015427,-0.0079312381,-0.0079312381,1.0000000000,11.3547015427
739340.6592082654,2.0000000000,-54.4782345576,-99.8127453400,24.8209581360,201.8229054124,34.5956429728,-51.3299914055,373.0120808309,-26.2409055264,311.0533171387,-19.8190035359,8.4215732666,183.8545023375,-199.1138975947,129.8557697074,21.3940789856,69.1999699075,38.1648215700,-29.4039756016,286.1035020029,-59.8339176173,32.8588067812,6.9215571888,-194.3976467086,110.7153123197,-5.8462803398,11.3516225070,-0.0079312381,-0.0079312381,1.0000000000,11.3516225070
739340.6592609199,2.0000000000,-54.3768612634,-99.6668880490,23.6871103170,201.6792757345,32.9446443548,-49.3060044525,371.1948346500,-27.1183771185,309.7824267731,-20.7943474143,8.4405176661,186.7639919099,-199.2675070870,129.8759220370,22.5287194705,67.6438287447,37.6955420052,-28.5708021037,286.1193425472,-59.3922063620,32.9032905833,6.6810537771,-194.5376061324,109.9580744836,-6.3470240309,11.3484023795,-0.0079312381,-0.0079312381,1.0000000000,11.3484023795
739340.6593277078,2.0000000000,-55.0270661866,-99.8504013146,25.2990232425,203.6609878357,33.6290087507,-53.1689726130,373.6688018078,-24.8158938019,309.4262837811,-19.3601557134,8.5155770965,183.0736488318,-198.9380778950,129.9283677754,20.9505151427,67.2097722205,38.2479854262,-28.3020800149,285.8059100032,-61.9148893282,32.2955715933,6.4526605862,-194.6694205929,112.2018683348,-4.3152198340,11.3439784289,-0.0079312381,-0.0079312381,1.0000000000,11.3439784289
739340.6595311416,2.0000000000,-54.2562839215,-99.5945350643,24.4856614927,201.3672871093,32.7948620507,-47.5818127493,371.8648213026,-28.6715715284,309.4885928088,-20.8343389450,8.3596453039,181.4114189239,-199.4436119165,129.8224737709,23.5684141775,68.1603115128,37.3678851037,-28.5483166701,286.7448765600,-59.5541595202,33.2885434048,6.5610277885,-194.6092667873,109.6157754597,-5.8212619121,11.3333526857,-0.0079312381,-0.0079312381,1.0000000000,11.3333526857
739340.6595915149,2.0000000000,-55.5626791592,-99.8639718489,25.4145809092,202.9889406445,36.4786358027,-54.6034886186,376.1956140281,-24.9778668551,309.7063929962,-18.2031941232,8.5690532849,183.9956603296,-199.0622896659,129.8747520637,18.5792788567,69.2974245320,36.7075831601,-29.1385809060,288.0418688877,-63.3537209007,32.0107806198,5.5729774894,-194.5347563318,112.3291200333,-4.0752237432,11.3303293476,-0.0079312381,-0.0079312381,1.0000000000,11.3303293476
739340.6597744348,2.0000000000,-55.3000348979,-99.7723133134,25.3203650824,199.3236913244,33.8974107240,-51.4900106336,374.6714309962,-27.8836412053,308.2240465320,-19.6501821423,8.5508207901,184.4864917303,-199.3348720993,129.8278905200,23.6221205054,68.8643891811,37.4041180220,-28.6355003276,288.3317964815,-60.4869987734,32.6375607910,5.8247985901,-194.7186762292,110.6699886405,-4.0933572497,11.3251565951,-0.0079312381,-0.0079312381,1.0000000000,11.3251565951
739340.6597921354,2.0000000000,-55.9767486583,-99.7721644572,26.1042326184,196.2462612316,34.1161603350,-52.0361766822,377.9144626809,-29.1461175872,306.9153761158,-19.5096112427,8.6257392112,184.1549097499,-199.4734143612,129.7762990399,24.8584658156,69.5269133797,36.8842512989,-28.5582702872,290.4654180956,-60.8368138347,32.2879522567,4.9337824852,-194.8181024217,110.7004366122,-2.7150863936,11.3082930872,-0.0079312381,-0.0079312381,1.0000000000,11.3082930872
739340.6601028908,2.0000000000,-56.1398794239,-99.8626623636,26.1174643388,197.2828851757,36.1998789922,-55.2171420400,383.0371797621,-25.7727440205,308.2179502794,-19.4513216825,8.6290770285,184.9519913650,-199.1733124773,129.8548836154,20.7886177043,69.7172787780,36.6423312651,-29.1741446387,289.0567996057,-63.6571891408,31.2309551169,5.0263620518,-194.6517583225,112.6874697859,-1.2736578083,11.3057777139,-0.0079312381,-0.0079312381,1.0000000000,11.3057777139
739340.6601209856,2.0000000000,-56.9531863407,-99.9171383523,27.2903834922,193.6287106716,37.9864366965,-58.0606305818,391.0207968858,-24.8093336282,307.9129049142,-19.6982677727,8.7154692367,185.3236953647,-199.1355646467,129.8456622841,19.1461993523,70.7656512487,35.8661862046,-29.6006576640,290.6914200223,-66.1999912963,29.9854878484,3.9544642255,-194.5951542595,114.0172793602,1.5650342339,11.2906343365,-0.0079312381,-0.0079312381,1.0000000000,11.2906343365
739340.6602639266,2.0000000000,-56.8043050522,-99.7920021351,25.0279067147,202.3870554345,35.7844287508,-54.5594419295,380.0644558035,-27.0307943125,305.8643550042,-17.9269567653,8.6986998335,184.6367147362,-199.3126925399,129.8516203640,21.9003089407,68.6914238333,36.0049211972,-28.5658911308,290.6210177895,-63.9913296375,30.6305149999,4.4666414758,-194.9496331085,112.5051824992,-1.1728087794,11.2865076655,-0.0079312381,-0.0079312381,1.0000000000,11.2865076655
739340.6603029656,2.0000000000,-57.1150923199,-99.8665598272,26.1232397956,196.2265998473,36.8842208006,-56.3982357396,383.4322276884,-26.0992585815,308.3925070427,-17.1555178040,8.6995806030,183.8413974578,-199.2019676077,129.8607593735,20.9283686293,69.3402374268,35.7728797538,-28.8869735637,290.2144556799,-65.1391117992,30.4478714717,4.4833366839,-194.8123759420,113.7150136348,-1.7778015825,11.2799586379,-0.0079312381,-0.0079312381,1.0000000000,11.2799586379
739340.6603215999,2.0000000000,-58.2351805826,-99.9159864133,27.0571214067,192.4899424054,38.4712519380,-59.0729642674,388.6502963085,-25.4482802655,309.2102993939,-16.0042887906,8.7843901967,182.7960734042,-199.1535583843,129.8688640575,19.9400446033,69.6373129064,34.8630950511,-29.0044050712,291.4736173951,-67.6590286233,29.0717067131,3.5917448412,-194.8322594310,115.4616496582,-0.7748273666,11.2572011166,-0.0079312381,-0.0079312381,1.0000000000,11.2572011166
739340.6606484901,2.0000000000,-57.9955975270,-99.7981020241,26.3584850903,194.3969680152,37.3128761999,-55.9744649724,387.8606011446,-28.4616960103,304.5154158476,-16.8831503388,8.8648537235,184.3758867414,-199.4989520094,129.7658532394,22.7373884101,70.1863242714,34.5049102727,-28.6747952236,294.7065368424,-65.8971544164,29.9355852872,3.0808835244,-195.1223500015,113.1360553069,0.6851088733,11.2541178522,-0.0079312381,-0.0079312381,1.0000000000,11.2541178522
739340.6606700835,2.0000000000,-58.8670137880,-99.7479946960,26.6499086610,192.3530530034,38.0624699267,-56.1549442125,391.0908509230,-30.0913149595,302.6737140781,-16.2796356650,8.9968241341,184.2563211925,-199.6677639944,129.6861318967,23.9123243125,70.6780276902,33.3332242892,-28.5332575972,298.3874037281,-66.9791764534,29.1646098012,1.9695369505,-195.3381538601,113.2160630919,1.6693093226,11.2316672245,-0.0079312381,-0.0079312381,1.0000000000,11.2316672245
739340.6608560876,2.0000000000,-58.9375931919,-99.9505886195,27.6563311574,194.2908904779,39.1171257174,-60.9837745546,394.1584204701,-24.8298173095,305.7457560067,-15.6566943726,8.9362145358,181.9228717099,-199.1029083336,129.8717901175,19.1543411134,69.6685128680,34.4575124517,-28.6754056368,294.0688139443,-69.8441520672,28.1714383153,2.4601422860,-195.0493278161,116.2390648074,2.7762780189,11.2316521819,-0.0079312381,-0.0079312381,1.0000000000,11.2316521819
739340.6609249811,2.0000000000,-60.2593870720,-99.9886078607,28.6090753017,196.0213821534,40.0674786132,-63.6330097951,400.4786425402,-24.6402506408,304.9375554094,-16.4850664739,8.9276632622,182.5894172166,-199.1475484800,129.8579996122,19.1639593017,70.9842761975,34.5416936253,-29.4581634512,295.3741143772,-69.7717688890,27.1638530000,1.1136260535,-195.1023940996,117.3944777985,5.8179617065,11.2213917412,-0.0079312381,-0.0079312381,1.0000000000,11.2213917412
739340.6611138069,2.0000000000,-59.9137239155,-99.9242492383,26.3279663342,198.0732342869,40.3473663131,-61.5750925866,395.4603067352,-25.5982756168,303.4814955005,-13.4631642919,9.0297391275,186.5375706902,-199.2951175276,129.8281250287,18.7891963596,70.6047498815,33.2138134388,-28.7754018797,297.5400729193,-70.6991919969,27.7617170699,1.5151684003,-195.3076374802,115.9722944962,2.6822147072,11.2150693696,-0.0079312381,-0.0079312381,1.0000000000,11.2150693696
739340.6611364767,2.0000000000,-61.2405988498,-99.9428590574,25.6889186314,202.7712838771,41.9152871291,-63.9624410667,398.9702173303,-24.6036280204,301.7714371198,-10.9069974303,9.1710080675,188.9415537668,-199.2741849827,129.8453556455,16.8438822605,70.6018259729,32.0578661285,-28.5183187805,300.6282007907,-73.7709885941,26.2712385361,0.2566992210,-195.5767935141,117.1897203559,3.4440359403,11.1959364446,-0.0079312381,-0.0079312381,1.0000000000,11.1959364446
739340.6614145413,2.0000000000,-60.6575727477,-99.9208920320,27.7519993288,190.4843310257,41.6082460422,-62.1835800947,400.2826494967,-27.6719264037,302.9604933707,-13.7890848220,9.1372492320,183.2448026508,-199.4985224862,129.7392897485,21.2587383260,71.4169911383,32.0967750346,-28.8599395606,300.6345473005,-70.9383181802,26.8045650426,0.7813285039,-195.3960513272,116.7709074857,3.5383272137,11.1888041556,-0.0079312381,-0.0079312381,1.0000000000,11.1888041556
739340.6614374230,2.0000000000,-61.6703582208,-99.9186569842,28.0241162637,188.6518518142,43.4141159563,-63.2886016644,404.4892355022,-28.9381827336,301.7299657138,-12.5627632756,9.2705211476,182.4352636191,-199.6369089996,129.6567837215,22.0560346760,72.0585154940,30.6493345843,-28.8348666458,304.7852905532,-72.1732718916,25.5578343244,-0.2249562967,-195.5929912009,117.5934850412,3.3598325823,11.1780502426,-0.0079312381,-0.0079312381,1.0000000000,11.1780502426
739340.6614845733,2.0000000000,-61.8265456606,-99.9942639367,29.5658153472,189.2687203708,44.2478558712,-66.9336549542,406.3859472237,-24.2695127745,304.0188452025,-12.2156285429,9.2614189792,183.3418514839,-199.2253150515,129.8069794001,15.8996582366,72.2420524783,31.2133674853,-29.3961831902,302.1385981680,-75.2305336402,25.4200274534,-0.6595426698,-195.2299451807,119.1444442735,7.0529098639,11.1662453100,-0.0079312381,-0.0079312381,1.0000000000,11.1662453100
739340.6615966132,2.0000000000,-62.4011358534,-99.9934710019,29.6722274131,188.7714117243,43.5050135052,-68.2080408326,413.2477704264,-23.5996722637,301.4358946176,-11.0014795162,9.2601951236,187.7510516957,-199.2131523923,129.8332840458,14.6560216146,72.7265673914,31.2731183839,-29.3717569713,303.8203688601,-75.7085136283,24.6094253374,-1.6089244661,-195.3840330962,119.2731766114,10.7786015970,11.1535280098,-0.0079312381,-0.0079312381,1.0000000000,11.1535280098
739340.6616662110,2.0000000000,-62.2723584858,-99.9627780511,29.5283872897,186.0251085679,42.0256148217,-64.7630992886,406.6113194655,-28.1512758912,301.2439846644,-12.8222680072,9.3164038796,183.6592629006,-199.5680843607,129.7088653339,21.9013354450,71.9791845384,31.4170902147,-28.5897199171,305.3613092092,-73.4296576418,25.5048197498,-1.1941998625,-195.6044899113,117.8056540759,7.2949922526,11.1498194519,-0.0079312381,-0.0079312381,1.0000000000,11.1498194519
739340.6616862003,2.0000000000,-63.9819610860,-99.9796014997,31.1198424190,180.9343775531,43.1857313075,-66.7356189367,412.9497421434,-30.0276234035,299.3199027918,-11.7009408953,9.5254941141,182.9737555167,-199.7364813896,129.5988778111,23.9047306233,72.8032745519,30.0990870169,-28.3198925292,312.2974410863,-75.3140338069,23.9234152685,-3.2635926940,-195.8784381149,118.7690901291,9.4098519708,11.1143819352,-0.0079312381,-0.0079312381,1.0000000000,11.1143819352
739340.6619955358,2.0000000000,-64.0401409791,-99.9912319736,29.6787898842,189.3684853988,44.5075008440,-68.6726346353,414.6354679387,-25.3398099007,299.7902527985,-10.4489331177,9.4617812113,184.9190770871,-199.4242628549,129.7976565568,17.5677855152,72.0037712002,29.7980504293,-28.5135121118,307.9242289559,-77.9490754276,23.1486171899,-2.8595108314,-195.7790811940,120.5116319023,10.6694072449,11.0963326793,-0.0079312381,-0.0079312381,1.0000000000,11.0963326793
739340.6620139648,2.0000000000,-65.9932951795,-99.9983763602,30.8150320450,188.1733426487,46.9280837112,-72.2001330663,423.1050785947,-23.9040746032,298.3542062283,-8.1742577466,9.6567709798,185.2706537343,-199.3693683722,129.8205538103,15.3414483133,72.5287280496,28.1910054277,-28.4372756792,312.8007024291,-81.7193371048,20.7075188142,-4.9173030207,-195.9818289597,122.8642580462,14.1701936691,11.0676080232,-0.0079312381,-0.0079312381,1.0000000000,11.0676080232
739340.6622713924,2.0000000000,-66.0477252243,-99.9498639899,29.9055174924,187.0008994966,44.8039786993,-68.7585271993,421.3872837933,-29.4813097313,295.0161003189,-8.8592411754,9.7101394643,186.0891255739,-199.8075565899,129.6335880938,21.9062322733,72.7406960076,27.8326476449,-27.7794528487,318.5080412923,-79.2269193291,21.3920535624,-5.4580637755,-196.3971344855,120.4600557608,13.0331512480,11.0539537604,-0.0079312381,-0.0079312381,1.0000000000,11.0539537604
739340.6622896061,2.0000000000,-68.0187913258,-99.9111990137,30.0751343851,185.8707022829,45.0813933330,-69.6233233057,428.3204615811,-32.0358430248,291.1486373932,-7.1770233966,9.9343844089,187.4617770321,-199.9526030144,129.5263131505,24.8801753682,72.9840993635,26.1202665762,-26.9661627027,327.7378142209,-81.1083059409,19.3551200671,-7.8510282354,-196.9327119768,121.0983840061,16.0069592258,11.0244226639,-0.0079312381,-0.0079312381,1.0000000000,11.0244226639
739340.6624169166,2.0000000000,-67.5239473093,-99.9980761762,32.2846973709,180.2949795483,48.8318531106,-72.4516918054,430.5411910150,-28.2075952108,293.9714541465,-6.7726947811,9.9701105666,187.1492770943,-199.7924450971,129.5553942887,18.2724885115,74.7321520615,25.5795771606,-28.3003901120,326.7910566159,-83.1109233156,19.5987612810,-7.6118639424,-196.4258831278,122.3188371315,16.7150902832,11.0142267886,-0.0079312381,-0.0079312381,1.0000000000,11.0142267886
739340.6624350784,2.0000000000,-69.8814788506,-99.9982608328,34.4005234039,173.1393328319,52.2902515474,-75.3538234754,442.1890736275,-28.8528317263,290.4395255716,-3.9412500211,10.3323199647,189.9552197729,-199.9041367609,129.3894465013,16.8626048965,76.4339378040,22.3968671029,-28.2372804048,341.0258913421,-87.1325361888,16.7882248919,-11.0413623032,-196.7939739305,124.0072358602,22.1860719278,10.9749164472,-0.0079312381,-0.0079312381,1.0000000000,10.9749164472
739340.6627147696,2.0000000000,-69.0543642251,-99.9989346933,32.5656700836,183.5472592671,48.7467436120,-74.2591157518,432.2525312082,-27.8344537549,292.5707271741,-4.9703925511,10.1277411571,186.7445938668,-199.7803776954,129.6285075266,19.0200857128,73.8962855617,25.3245640364,-27.4289296156,329.4200824360,-84.8571518960,18.1506561176,-8.8611109189,-196.7856253103,124.0131004306,18.4483867983,10.9646332307,-0.0079312381,-0.0079312381,1.0000000000,10.9646332307
739340.6627328991,2.0000000000,-70.5350603278,-99.9917303980,33.3777471685,183.0343477114,49.4339472653,-75.7574310274,436.3377360737,-27.7536001275,290.4945391388,-3.0097576425,10.3326273000,188.0843465911,-199.8118905157,129.6305394987,18.9883942067,73.9829668817,24.3345918941,-26.7130692305,335.2250511556,-87.1359114331,16.8014078877,-10.5167794681,-197.1373450573,125.2474814339,21.3281546865,10.9141375254,-0.0079312381,-0.0079312381,1.0000000000,10.9141375254
739340.6630925022,2.0000000000,-71.6084580945,-99.8931652917,35.9587635106,178.0721632424,54.4556578060,-78.1990686007,443.3149866056,-26.0441667442,291.2970942553,-1.1616359285,10.4972691387,186.0198376042,-199.7564115735,129.5599290647,14.2555938083,76.0765745670,22.0809270464,-28.1003451401,342.0924278634,-89.3121405100,14.9995495771,-12.5061585930,-196.8802072919,126.9992695623,23.0876726810,10.9138169729,-0.0079312381,-0.0079312381,1.0000000000,10.9138169729
739340.6634443182,2.0000000000,-72.6927117035,-99.9998928668,34.0607928967,181.4716227001,51.2881545532,-76.7624591525,444.9270804985,-30.6962348814,286.3365209657,-0.4424183931,10.6364594757,191.1279961939,-199.9865824718,129.4300204149,20.2982937920,75.1511495164,21.1364278999,-26.1776378728,350.6078139552,-89.4546126543,14.2204016077,-14.1239683048,-197.7039069268,125.7567902131,24.6721839253,10.8824284602,-0.0079312381,-0.0079312381,1.0000000000,10.8824284602
739340.6635785847,2.0000000000,-72.4094132837,-99.9970407124,33.4207088918,188.0407296467,49.1130479789,-76.5519979444,439.2462113693,-30.2580159977,287.9443005749,-1.1558298304,10.4711385161,186.7020412593,-199.9433005008,129.5934700761,22.2047231312,73.5191018297,23.2168736475,-25.9388838886,342.6200648712,-87.4910124739,15.0216517673,-13.0291463708,-197.5522129351,126.0514377363,22.4282908813,10.8709257583,-0.0079312381,-0.0079312381,1.0000000000,10.8709257583
739340.6641719226,2.0000000000,-72.7400444890,-99.9928654108,35.1998626309,180.4276738223,50.9831359400,-77.2970070580,445.3407301568,-29.1269345198,286.7089020358,-0.0309987118,10.6517066045,188.7071346562,-199.9385334875,129.5497947189,18.2751657380,74.6092507575,21.3455286325,-25.7206292217,349.0513659236,-90.2503809338,14.1091185715,-14.3408416379,-197.5734520565,126.4678606677,25.9052633683,10.8671145992,-0.0079312381,-0.0079312381,1.0000000000,10.8671145992
739340.6642828506,2.0000000000,-73.0847666121,-99.9786699547,35.4667918790,177.0458916847,51.9327286530,-78.0381269698,445.9636078019,-28.1994217169,287.0729432369,0.7005294401,10.7282913519,192.1872576186,-199.9113588297,129.5672810240,17.6356615474,75.1173249418,21.0462421896,-26.3278414731,349.5844930139,-90.8498630323,13.7961025418,-14.4555105591,-197.5701142315,126.8911359912,27.7572987372,10.8641112664,-0.0079312381,-0.0079312381,1.0000000000,10.8641112664
739340.6644158101,2.0000000000,-73.2421039033,-99.9849774280,34.8166741566,181.4124791405,52.3725504148,-77.9764802498,445.9003556263,-28.4909290450,286.3248619876,1.3504297650,10.7158383104,190.9557090626,-199.9331890514,129.5498045730,17.4435546250,75.0733309797,20.6132809248,-26.0551910035,350.9049758114,-90.8315975496,13.7085713503,-14.6718841219,-197.6581002971,127.0055869949,26.8767609134,10.8525458982,-0.0079312381,-0.0079312381,1.0000000000,10.8525458982
739340.6645466294,2.0000000000,-73.3739075061,-99.9546345371,34.8969684008,183.1301302778,52.3102709831,-78.3467522664,445.6120801878,-27.4708708258,286.4313111797,1.2542566169,10.7445998807,191.0230169846,-199.8763941900,129.6075099350,17.5172974410,74.9494956835,21.4903372905,-26.0741287393,349.2363801455,-90.7357953503,13.8398557135,-14.3809370828,-197.6881322429,127.3967684303,26.8524921094,10.8493685039,-0.0079312381,-0.0079312381,1.0000000000,10.8493685039
739340.6649393981,2.0000000000,-73.1542609918,-99.9811210211,34.8834513537,182.6449188438,50.7524573059,-77.6965848906,443.8634842133,-28.6520834380,286.6891358911,0.6506459628,10.6837221306,189.9917447934,-199.9181080322,129.6039599702,19.1581403494,74.2098677359,21.8319962890,-25.5818868047,347.6157846903,-90.2477515377,14.0700038147,-14.1615154139,-197.7143243877,126.9568273109,26.0576464887,10.8437587555,-0.0079312381,-0.0079312381,1.0000000000,10.8437587555
739340.6655989714,2.0000000000,-73.1420534726,-99.9887566450,34.2939549714,187.1486927051,49.4087909853,-77.5328106645,441.2325201111,-27.9789373761,286.6331323614,0.6003910942,10.6541893264,190.3907518286,-199.8909647466,129.6923665412,19.0591575629,73.1564319521,22.4788430144,-25.0013337976,345.0607870253,-90.4230224399,14.3341182803,-13.9667342479,-197.7849722630,126.9975895337,26.0753284012,10.8335074779,-0.0079312381,-0.0079312381,1.0000000000,10.8335074779
739340.6662407214,2.0000000000,-73.4300788099,-99.9879971901,33.9510866306,186.5197417750,50.5593785079,-77.7143039086,442.9084621036,-28.5870204391,286.0894618817,1.5117373537,10.7052088256,191.0691673367,-199.9194813276,129.6336114105,19.4660728682,73.8062880230,21.7002350142,-25.2491953410,348.4501372491,-90.5288413926,13.9370860498,-14.3569697876,-197.8427660794,127.0287181140,25.7786351787,10.8318633468,-0.0079312381,-0.0079312381,1.0000000000,10.8318633468
739340.6663571692,2.0000000000,-73.5396157726,-99.9785324578,34.7696784933,184.0070352482,50.5962731857,-78.0327468573,444.6366095897,-28.3668482152,286.1570947056,1.2918021326,10.7083822833,190.9300114405,-199.9130300071,129.6360251708,19.1173512848,74.1065853861,21.8061946050,-25.3985284434,348.6153949471,-90.5708327753,13.7276067424,-14.6144164395,-197.8003777316,127.2692855492,27.0768131116,10.8298483830,-0.0079312381,-0.0079312381,1.0000000000,10.8298483830
739340.6666769061,2.0000000000,-73.7680801997,-99.9924330062,34.4587118015,184.6532447939,49.6433579287,-77.6674753015,443.7578426759,-29.5301855775,285.1441412226,1.1244304416,10.7739499799,190.9792836192,-199.9517987144,129.6197372940,21.1454284806,73.5443266050,21.6944555319,-24.7519350531,350.0143424503,-90.5155245506,13.8482909198,-14.8036788693,-197.9775013848,127.0576571198,27.6043390801,10.8283929900,-0.0079312381,-0.0079312381,1.0000000000,10.8283929900
739340.6667045484,2.0000000000,-74.2090522752,-99.9970050205,34.4444236217,184.6193296619,48.9010631380,-77.6187117339,444.2372818624,-30.5351011517,284.0908935220,1.3472396197,10.8521507602,191.2321604166,-199.9773775364,129.6056076163,22.9359242123,73.1725415395,21.5053840333,-24.1873632597,352.4074808349,-90.6542368964,13.6229897607,-15.3552580027,-198.1598098223,127.0817563659,28.8218629642,10.8226165727,-0.0079312381,-0.0079312381,1.0000000000,10.8226165727
739340.6669616946,2.0000000000,-73.8302391818,-99.9846812720,34.4097795993,185.8439518677,50.1589482315,-77.9502392035,443.7941711603,-28.7442086875,285.4960588479,1.6285156380,10.7610370089,191.2304282240,-199.9278795132,129.6471072947,20.0115120104,73.6440208456,21.7005138210,-24.9471659753,349.3565263524,-90.7392315866,13.6859342356,-14.7954363707,-197.9348285283,127.3322122565,27.3600936053,10.8220231758,-0.0079312381,-0.0079312381,1.0000000000,10.8220231758
739340.6675665763,2.0000000000,-73.7253884058,-99.9860739517,34.6143465934,185.6006426329,50.2410129515,-77.8701265096,444.3177959117,-28.7964303153,285.6674093982,1.2938347872,10.7339639626,189.9092516004,-199.9316147249,129.6365289807,19.7597070386,73.6872059530,21.6067053310,-24.9846524943,349.4348125873,-90.8718196628,13.6481841195,-14.8413352564,-197.9016356982,127.3097831964,27.2168204374,10.8213833071,-0.0079312381,-0.0079312381,1.0000000000,10.8213833071
739340.6676032206,2.0000000000,-73.7771351442,-99.9916127614,34.3216178924,186.8943760836,49.4135506355,-77.6921770021,443.0574712058,-29.0863949481,285.3171785675,1.4982842085,10.7416527118,190.8956878154,-199.9388731809,129.6546563118,20.5308499443,73.2428962330,21.8627703099,-24.6129956159,349.0906763126,-90.6801381453,13.7988882503,-14.8124319504,-197.9807839681,127.1626866869,27.1655609884,10.8211863406,-0.0079312381,-0.0079312381,1.0000000000,10.8211863406
739340.6679167582,2.0000000000,-73.9247426218,-99.9924293972,34.2535778048,186.8162522911,49.9108410534,-77.8151012024,444.0482053324,-29.2142934768,285.0239191257,1.7752467455,10.7755689522,191.4144236814,-199.9495537365,129.6302925104,20.4261710162,73.5408103500,21.5355849049,-24.6957376828,350.6780411669,-90.8991523892,13.5648347066,-15.0544003325,-198.0250997400,127.2100268101,27.2963728816,10.8195204757,-0.0079312381,-0.0079312381,1.0000000000,10.8195204757
739340.6680082654,2.0000000000,-73.9205305431,-99.9850472819,34.8577553486,185.8941783501,49.3850902450,-77.9447797392,444.0553233529,-28.7756127254,285.1001217365,1.3275859526,10.7718834533,190.8025674924,-199.9306370570,129.6674309347,20.2501257659,73.3182068236,21.9458918122,-24.5630191017,349.1862455719,-90.8295966417,13.7119056533,-14.9839558631,-197.9902567797,127.4114679521,28.3707263778,10.8180985416,-0.0079312381,-0.0079312381,1.0000000000,10.8180985416
739340.6681979297,2.0000000000,-73.8773627880,-99.9922232966,34.3376252025,186.1106239841,49.7248758016,-77.7783698896,443.8171574269,-29.1866902843,285.0283215290,1.6524067068,10.7786089956,191.0411481903,-199.9440184600,129.6423111556,20.5726908666,73.3956255451,21.5877414808,-24.6149651016,350.2625616812,-90.8537530713,13.6309120716,-14.9618877599,-198.0030949579,127.2188099676,27.5684826983,10.8176071470,-0.0079312381,-0.0079312381,1.0000000000,10.8176071470
739340.6682721656,2.0000000000,-73.7524308732,-99.9906025548,34.2846625731,186.5714154202,49.8257667348,-77.7852354803,443.6836773088,-28.7274747534,285.4328641650,1.3271776113,10.7422719790,190.6926592569,-199.9295491088,129.6599965559,19.9649592293,73.3670852474,21.7321283614,-24.7843710088,348.8040966572,-90.7983195112,13.7015135418,-14.7418559620,-197.9475722552,127.2862726510,27.3391934211,10.8166203174,-0.0079312381,-0.0079312381,1.0000000000,10.8166203174
739340.6683900009,2.0000000000,-73.9307476864,-99.9879625691,34.4643312278,186.4536566420,49.7156867180,-77.9310654428,443.9616562695,-28.6963586374,285.1012809925,1.6455594694,10.7767661429,191.2655834725,-199.9296039218,129.6651613968,20.0444089832,73.3465748409,21.7017338709,-24.6299418108,349.7248030732,-91.0176044627,13.6025540208,-15.0024748215,-197.9972794276,127.3715401558,28.0019926595,10.8161222826,-0.0079312381,-0.0079312381,1.0000000000,10.8161222826
